구분(1),구분(2),2015.01,2015.02,2015.03,2015.04,2015.05,2015.06,2015.07,2015.08,2015.09,2015.1,2015.11,2015.12,2016.01,2016.02,2016.03,2016.04,2016.05,2016.06,2016.07,2016.08,2016.09,2016.1,2016.11,2016.12,2017.01,2017.02,2017.03,2017.04,2017.05,2017.06,2017.07,2017.08,2017.09,2017.1,2017.11,2017.12,2018.01,2018.02,2018.03,2018.04,2018.05,2018.06,2018.07,2018.08,2018.09,2018.1,2018.11,2018.12,2019.01,2019.02,2019.03,2019.04,2019.05,2019.06,2019.07,2019.08,2019.09,2019.1,2019.11,2019.12,2020.01,2020.02,2020.03,2020.04,2020.05,2020.06,2020.07,2020.08,2020.09,2020.1,2020.11,2020.12,2021.01,2021.02,2021.03,2021.04,2021.05,2021.06,2021.07,2021.08,2021.09,2021.1,2021.11,2021.12,2022.01,2022.02,2022.03,2022.04,2022.05,2022.06,2022.07,2022.08,2022.09,2022.1,2022.11
총계,소계,0.028,0.026,0.028,0.023,0.023,0.019,0.015,0.017,0.019,0.025,0.025,0.029,0.027,0.025,0.027,0.025,0.022,0.019,0.016,0.016,0.019,0.022,0.027,0.028,0.027,0.025,0.027,0.022,0.021,0.017,0.015,0.015,0.019,0.019,0.026,0.026,0.026,0.025,0.023,0.02,0.017,0.016,0.013,0.012,0.014,0.02,0.029,0.025,0.027,0.024,0.021,0.019,0.018,0.014,0.011,0.012,0.013,0.016,0.023,0.024,0.022,0.02,0.017,0.014,0.012,0.012,0.01,0.009,0.011,0.017,0.02,0.022,0.02,0.019,0.019,0.014,0.012,0.011,0.01,0.009,0.009,0.014,0.02,0.021,0.022,0.017,0.017,0.013,0.011,0.009,0.009,0.009,0.01,0.013,0.019
서울특별시,서울특별시,0.037,0.036,0.04,0.033,0.032,0.025,0.021,0.023,0.027,0.035,0.034,0.039,0.035,0.034,0.038,0.036,0.031,0.028,0.024,0.023,0.026,0.029,0.035,0.036,0.035,0.035,0.038,0.031,0.028,0.024,0.023,0.021,0.027,0.027,0.033,0.034,0.035,0.034,0.033,0.031,0.025,0.024,0.019,0.017,0.019,0.028,0.039,0.035,0.039,0.036,0.034,0.029,0.028,0.02,0.018,0.018,0.021,0.025,0.034,0.035,0.034,0.032,0.027,0.021,0.02,0.019,0.016,0.014,0.016,0.025,0.03,0.032,0.031,0.03,0.032,0.022,0.019,0.018,0.016,0.015,0.014,0.022,0.031,0.031,0.032,0.026,0.026,0.02,0.015,0.013,0.014,0.013,0.016,0.02,0.028
부산광역시,부산광역시,0.022,0.02,0.021,0.019,0.025,0.019,0.016,0.018,0.015,0.021,0.023,0.025,0.024,0.023,0.026,0.024,0.023,0.019,0.017,0.015,0.016,0.018,0.024,0.026,0.024,0.021,0.022,0.021,0.021,0.018,0.017,0.013,0.017,0.016,0.025,0.023,0.022,0.022,0.021,0.019,0.018,0.019,0.016,0.012,0.014,0.019,0.027,0.023,0.024,0.022,0.02,0.019,0.021,0.016,0.015,0.014,0.015,0.017,0.023,0.026,0.021,0.02,0.016,0.014,0.014,0.015,0.014,0.011,0.012,0.017,0.02,0.02,0.019,0.018,0.017,0.015,0.014,0.014,0.01,0.011,0.01,0.015,0.021,0.021,0.021,0.016,0.018,0.016,0.015,0.01,0.012,0.011,0.01,0.013,0.019
대구광역시,대구광역시,0.031,0.026,0.027,0.019,0.018,0.016,0.014,0.016,0.017,0.022,0.022,0.026,0.027,0.023,0.023,0.02,0.017,0.014,0.012,0.012,0.016,0.019,0.029*,0.028,0.028,0.025,0.024,0.019,0.018,0.014,0.013,0.012,0.017*,0.018*,0.028,0.028,0.027,0.025,0.022,0.017,0.013,0.013,0.01,0.01,0.014,0.021,0.033,0.029,0.029,0.026,0.021,0.017,0.016,0.013,0.011,0.012,0.013,0.017,0.026,0.03,0.027,0.023,0.017,0.013,0.011,0.012,0.011,0.009,0.013,0.019,0.024,0.024,0.023,0.022,0.018,0.013,0.012,0.01,0.009,0.01,0.01,0.016,0.024,0.025,0.025,0.018,0.018,0.013,0.011,0.008,0.008,0.009,0.01,0.014,0.025
인천광역시,인천광역시,0.03,0.029,0.033,0.03,0.026,0.022,0.018,0.017,0.022,0.026,0.028,0.033,0.026,0.026,0.031,0.031,0.025,0.021,0.018,0.017,0.022,0.025,0.027,0.028,0.027,0.026,0.03,0.025,0.022,0.018,0.018,0.019,0.022,0.022,0.026,0.031,0.029,0.027,0.029,0.027,0.023,0.022,0.017,0.016,0.019,0.026,0.035,0.03,0.032,0.029,0.028,0.026,0.023,0.017,0.015,0.015,0.021,0.023,0.031,0.031,0.028,0.027,0.023,0.017,0.017,0.016,0.014,0.012,0.015,0.021,0.027,0.027,0.027,0.024,0.028,0.021,0.017,0.017,0.014,0.014,0.014,0.02,0.026,0.028,0.026,0.022,0.024,0.018,0.014,0.012,0.012,0.011,0.015,0.019,0.026
광주광역시,광주광역시,0.024,0.021,0.023,0.019,0.018,0.014,0.011,0.012,0.014*,0.021,0.025,0.026,0.024,0.021,0.022,0.018,0.016,0.013,0.011,0.014,0.014,0.019,0.024,0.025,0.023,0.022,0.025,0.018,0.017,0.015,0.011,0.012,0.015,0.017,0.026,0.024,0.024,0.024,0.019,0.016,0.013,0.011,0.009,0.008,0.013,0.019,0.03,0.024,0.025,0.02,0.022,0.019,0.017,0.014,0.011,0.011,0.012,0.017,0.023,0.025,0.021,0.018,0.015,0.013,0.01,0.009,0.008,0.006,0.011,0.016,0.019,0.022,0.021,0.019,0.016,0.013,0.009,0.009,0.007,0.008,0.009,0.013,0.021,0.021,0.02,0.017,0.016,0.013,0.011,0.007,0.006,0.007,0.011,0.014,0.021
대전광역시,대전광역시,0.024,0.02,0.021,0.017,0.017,0.014,0.011,0.012,0.017,0.024,0.022,0.024,0.021,0.019,0.019,0.021,0.017,0.014,0.013,0.015,0.016,0.019,0.028,0.027,0.024,0.023,0.021,0.016,0.015,0.014,0.011,0.012,0.016,0.018,0.023,0.024,0.026,0.028,0.022,0.017,0.014,0.014,0.011,0.011,0.012,0.02,0.03,0.028,0.029,0.027,0.023,0.018,0.017,0.013,0.011,0.011,0.013,0.018,0.025,0.028,0.026,0.023,0.018,0.014,0.011,0.012,0.01,0.01,0.012,0.021,0.024,0.027,0.025,0.02,0.021,0.015,0.012,0.012,0.009,0.011,0.011,0.018,0.024,0.025,0.027,0.022,0.021,0.016,0.013,0.01,0.01,0.01,0.012,0.017,0.025
울산광역시,울산광역시,0.025,0.024,0.026,0.024,0.028,0.023,0.018,0.018,0.015,0.022,0.022,0.025,0.026,0.023,0.026,0.024,0.024,0.022,0.019,0.015,0.018,0.019,0.026,0.026,0.024,0.023,0.025,0.024,0.026,0.02,0.019,0.012,0.017,0.016,0.028,0.025,0.024,0.024,0.023,0.021,0.019,0.02,0.017,0.013,0.013,0.018,0.027,0.022,0.024,0.022,0.022,0.021,0.024,0.019,0.016,0.014,0.015,0.016,0.022,0.025,0.021,0.021,0.018,0.016,0.015,0.018,0.015,0.013,0.014,0.017,0.022,0.023,0.022,0.021,0.02,0.018,0.017,0.016,0.013,0.013,0.011,0.015,0.021,0.021,0.022,0.018,0.019,0.018,0.017,0.013,0.014,0.013,0.012,0.014,0.02
세종특별자치시,세종특별자치시,-,-,-,-,-,-,-,-,-,-,-,-,0.028,0.021,0.026,0.021,0.017,0.013,0.016,0.017,0.019,0.023,0.03,0.028,0.027,0.025,0.024,0.018,0.015,0.014,0.012,0.013,0.02,0.022,0.021,0.025,0.028,0.025,0.019,0.015,0.013,0.014,0.011,0.008,0.012,0.021,0.031,0.026,0.024,0.021,0.022,0.018,0.018,0.015,0.012,0.013,0.015,0.019,0.026,0.029,0.027,0.024,0.019,0.014,0.012,0.012,0.01,0.009,0.012,0.02,0.024,0.025,0.025,0.02,0.02,0.015,0.012,0.011,0.009,0.01,0.01,0.016,0.021,0.024,0.025,0.02,0.018,0.015,0.011,0.009,0.009,0.009,0.012,0.016,0.023
경기도,수원,0.042,0.037,0.042,0.034,0.031,0.026,0.021,0.025,0.029,0.038,0.038,0.044,0.039,0.035,0.036,0.034,0.03,0.025,0.022,0.025,0.03,0.034,0.038,0.041,0.041,0.038,0.042,0.031,0.028,0.023,0.020*,0.022,0.03,0.031,0.036,0.037,0.039,0.037,0.031,0.028,0.024,0.024,0.017,0.017,0.021,0.033,0.046,0.04,0.045,0.039,0.034,0.029,0.026,0.02,0.015,0.018,0.021,0.026,0.035,0.038,0.037,0.033,0.027,0.019,0.019,0.018,0.015,0.012,0.017,0.029,0.034,0.036,0.033,0.031,0.032,0.023,0.019,0.018,0.015,0.015,0.014,0.024,0.033,0.034,0.037,0.03,0.028,0.019,0.015,0.012,0.012,0.012,0.017,0.024,0.032
경기도,안양,0.041,0.038,0.042,0.035,0.031,0.027,0.019**,0.023,0.03,0.038,0.037,0.044,0.038,0.037,0.039,0.036,0.03,0.026,0.022,0.024,0.026,0.026,0.028,0.03,0.03,0.03,0.036,0.032,0.027,0.022,0.022,0.023,0.031,0.03,0.036,0.039,0.042,0.041,0.039,0.032,0.025,0.024,0.019,0.017,0.022,0.03,0.041,0.041,0.045,0.04,0.033,0.03,0.027,0.02,0.015,0.017,0.022,0.027,0.036,0.038,0.038,0.033,0.03,0.022,0.02,0.019,0.015,0.012,0.015,0.027,0.035,0.034,0.033,0.031,0.033,0.023,0.02,0.019,0.015,0.014,0.014,0.022,0.03,0.03,0.032,0.026,0.026,0.02,0.015,0.012,0.012,0.011,0.015,0.021,0.029
경기도,성남,0.043,0.039,0.046,0.036,0.036,0.03,0.024,0.027,0.03,0.042,0.038,0.046,0.041,0.036,0.042,0.039,0.034,0.032,0.025,0.027,0.029,0.033,0.038,0.041,0.041,0.039,0.043,0.033,0.031,0.027,0.022,0.021,0.027,0.029,0.037,0.038,0.04,0.039,0.034,0.03,0.026,0.026,0.02,0.019,0.022,0.031,0.043,0.039,0.044,0.04,0.036,0.029,0.029,0.022,0.018,0.02,0.02,0.025,0.035,0.036,0.035,0.032,0.029,0.022,0.021,0.021,0.016,0.013,0.016,0.028,0.033,0.033,0.029,0.03,0.031,0.022,0.019,0.017,0.014,0.014,0.013,0.023,0.032,0.031,0.034,0.027,0.026,0.019,0.016,0.013,0.013,0.012,0.015,0.021,0.029
경기도,의정부,0.036,0.033,0.034,0.028,0.025,0.018,0.017,0.018,0.023,0.03,0.029,0.035,0.032,0.03,0.032,0.029,0.018,0.019,0.017,0.012,0.021,0.019,0.025,0.03,0.032,0.031,0.032,0.028,0.018,0.015,0.016,0.013,0.023,0.024,0.031,0.029,0.026,0.025,0.023,0.013,0.012,0.01,0.008,0.008,0.01,0.021,0.032,0.034,0.038,0.032,0.031,0.023,0.022,0.016,0.015,0.015,0.018,0.022,0.032,0.035,0.033,0.029,0.024,0.02,0.016,0.014,0.013,0.013,0.014,0.024,0.027,0.029,0.028,0.027,0.026,0.021,0.018,0.015,0.013,0.013,0.013,0.019,0.029,0.029,0.031,0.026,0.024,0.019,0.015,0.013,0.012,0.013,0.014,0.017,0.024
경기도,광명,0.039,0.035,0.04,0.035,0.032,0.029,0.022,0.024,0.029,0.035,0.033,0.038,0.029,0.028,0.034,0.033,0.03,0.026,0.021,0.025,0.029,0.03,0.033,0.034,0.033,0.033,0.037,0.03,0.029,0.028,0.025,0.026,0.036,0.037,0.036,0.037,0.038,0.037,0.036,0.034,0.028,0.029,0.02,0.02,0.023,0.032,0.045,0.039,0.043,0.038,0.039,0.033,0.031,0.025,0.022,0.022,0.028,0.032,0.039,0.036,0.036,0.032,0.027,0.02,0.021,0.019,0.014,0.011,0.015,0.024,0.029,0.028,0.029,0.026,0.03,0.02,0.017,0.018,0.015,0.014,0.013,0.022,0.031,0.031,0.031,0.025,0.027,0.019,0.014,0.012,0.012,0.012,0.017,0.023,0.03
경기도,안산,0.039,0.033,0.038,0.031,0.026,0.023,0.018,0.021,0.027,0.034,0.035,0.043,0.035,0.032,0.034,0.033,0.028,0.022,0.019,0.022,0.027,0.032,0.034,0.036,0.035,0.033,0.035,0.028,0.024,0.02,0.017,0.019,0.028,0.028,0.03,0.031,0.034,0.031,0.027,0.025,0.021,0.02,0.015,0.015,0.02,0.029,0.041,0.034,0.036,0.032,0.029,0.026,0.023,0.019,0.014,0.015,0.021,0.029,0.037,0.037,0.037,0.032,0.026,0.019,0.018,0.017,0.015,0.010*,0.016*,0.026,0.03,0.03,0.029,0.027,0.029,0.022,0.018,0.017,0.014,0.014,0.014,0.021,0.03,0.031,0.033,0.027,0.027,0.02,0.014,0.01,0.011,0.011,0.016,0.023,0.029
경기도,평택,0.028,0.029,0.033,0.028,0.025,0.019,0.013,0.015,0.019,0.022,0.025,0.029,0.025,0.021,0.023,0.027,0.022,0.018,0.015,0.017,0.019,0.024,0.028,0.028,0.028,0.027,0.028,0.025,0.022,0.018,0.017,0.018,0.023,0.025,0.027,0.031,0.035,0.029,0.025,0.023*,0.019*,0.017,0.014,0.012,0.015,0.024,0.033,0.029,0.03,0.027,0.024,0.021,0.017,0.013,0.012,0.014,0.016,0.021,0.028,0.028,0.029,0.025,0.02,0.014,0.013,0.013,0.011,0.01,0.013,0.022,0.026,0.028,0.026,0.023,0.023,0.017,0.014,0.013,0.011,0.012,0.011,0.018,0.024,0.026,0.028,0.022,0.022,0.017,0.013,0.01,0.009,0.009,0.013,0.018,0.025
경기도,과천,0.038,0.033,0.037,0.032,0.031,0.027,0.02,0.022,0.029,0.036,0.033,0.04,0.033,0.031,0.036,0.035,0.029,0.026,0.02,0.024,0.029,0.029,0.034,0.036,0.035,0.033,0.037,0.029,0.026,0.024,0.019,0.018,0.026,0.026,0.031,0.03,0.032,0.032,0.03,0.029,0.025,0.025,0.018,0.017,0.019,0.028,0.039,0.035,0.039,0.036,0.033,0.028,0.027,0.021,0.017,0.018,0.021,0.024,0.033,0.034,0.035,0.03,0.025,0.019,0.02,0.019,0.016,0.013,0.018,0.027,0.029,0.032,0.03,0.028,0.032,0.022,0.019,0.018,0.015,0.014,0.014,0.02,0.029,0.029,0.033,0.025,0.024**,0.018*,0.015,0.013,0.013,0.012,0.015,0.021,0.028
경기도,구리,0.031,0.032,0.037,0.03,0.027,0.021,0.016,0.016,0.022,0.034*,0.026,0.038,0.037,0.032,0.035,0.031,0.026,0.023,0.02,0.019,0.022,0.023,0.03,0.03,0.032,0.03,0.035,0.028,0.026,0.021,0.02,0.017,0.023,0.023,0.032,0.034,0.035,0.033,0.034,0.029,0.023,0.022,0.016,0.013,0.015,0.022,0.032,0.03,0.036,0.029,0.028,0.024,0.025,0.018*,0.016,0.015,0.016,0.02,0.028,0.029,0.028,0.026,0.021,0.019,0.016,0.014,0.012,0.012,0.012,0.018,0.023,0.024,0.022,0.021,0.022,0.016,0.014,0.013,0.011,0.01,0.009,0.015,0.021,0.021,0.022,0.017,0.018,0.015,0.012,0.01,0.009,0.01,0.011,0.015,0.023
경기도,의왕,0.043,0.039,0.043,0.035,0.034,0.031,0.023,0.028,0.031,0.042,0.035**,0.044,0.042,0.038,0.043,0.038,0.034,0.031,0.024,0.027,0.029,0.033,0.04,0.04,0.037,0.038,0.045,0.036,0.033,0.028,0.022,0.02,0.032,0.031,0.038,0.04,0.043,0.042,0.03,0.03,0.024,0.024,0.017,0.016,0.02,0.03,0.043,0.038,0.042,0.039,0.034,0.029,0.028,0.021,0.016,0.017,0.021,0.026,0.035,0.037,0.038,0.033,0.029,0.018,0.019,0.019,0.013,0.011,0.018,0.029,0.032,0.033,0.032,0.03,0.032,0.019**,0.017,0.018,0.014,0.014,0.014,0.022,0.03,0.033,0.037,0.03,0.027,0.021,0.015,0.013,0.012,0.011,0.018,0.024,0.033
경기도,고양,0.027,0.026,0.031,0.025,0.022,0.02,0.016,0.016,0.018,0.022,0.022,0.029,0.025,0.026,0.031,0.027,0.02,0.017,0.014,0.013,0.015,0.018,0.024,0.026,0.026,0.025,0.028,0.028,0.022,0.018,0.018,0.015,0.019,0.019,0.027,0.029,0.027,0.026,0.027,0.022,0.018,0.015,0.012,0.011,0.014,0.022,0.031,0.028,0.032,0.027,0.025,0.02,0.018,0.013,0.011,0.012,0.015,0.018,0.025,0.025,0.024,0.022,0.019,0.016,0.014,0.013,0.012,0.012,0.014,0.02,0.024,0.027,0.026,0.025,0.025,0.019,0.016,0.016,0.014,0.012,0.012*,0.019,0.027,0.027,0.027,0.022,0.021,0.018,0.014,0.011,0.01,0.011,0.012,0.017,0.024
경기도,광주,0.039,0.04,0.041,0.034,0.037,0.031,0.026,0.028,0.028,0.038,0.033,0.038,0.041,0.037,0.038,0.032,0.031,0.028,0.022,0.022,0.025,0.028,0.043,0.038,0.041,0.039,0.042,0.033,0.031,0.028,0.023,0.023**,0.025,0.026,0.038,0.04,0.041,0.04,0.03,0.027,0.023,0.024,0.018,0.015,0.016,0.026,0.037,0.037,0.042,0.038,0.035,0.027,0.028,0.021,0.017,0.016,0.016,0.02,0.032,0.036,0.033,0.029,0.026,0.019,0.016,0.016,0.012,0.011,0.012,0.022,0.03,0.027,0.023,0.022,0.024,0.017,0.013,0.012,0.011,0.01,0.01,0.016,0.025,0.026,0.032,0.024,0.023,0.018,0.014,0.011,0.011,0.01,0.011,0.017,0.025
경기도,군포,0.038,0.032,0.037,0.032,0.032,0.026,0.022,0.024,0.033,0.038,0.035,0.044,0.034,0.032,0.035,0.034,0.029,0.023,0.02,0.022,0.026,0.03,0.037,0.039,0.039,0.037,0.039,0.03,0.028,0.021,0.018,0.018,0.026,0.025,0.033,0.034,0.043*,0.042,0.031,0.029,0.024,0.022,0.017,0.017,0.018,0.03,0.043,0.038,0.039,0.035,0.027,0.024,0.021,0.016,0.014,0.019*,0.024,0.026,0.034,0.036,0.036,0.032,0.027,0.018,0.018,0.018,0.015,0.013,0.016,0.026,0.03,0.033,0.033,0.029,0.03,0.022,0.019,0.018,0.014,0.015,0.014,0.023,0.029,0.031,0.032,0.025,0.025,0.02,0.015,0.012,0.012,0.012,0.015,0.02,0.03
경기도,시흥,0.039,0.034,0.04,0.036,0.031,0.028,0.023,0.025,0.032,0.038,0.039,0.044,0.037,0.034,0.037,0.038,0.033,0.028,0.024,0.025,0.033,0.036,0.04,0.041,0.038,0.036,0.039,0.033,0.029,0.023,0.024,0.025,0.032,0.032,0.035,0.035,0.038,0.034,0.033,0.031,0.026,0.025,0.02,0.019,0.023,0.032,0.043,0.036,0.039,0.035,0.033,0.03,0.026,0.02,0.016,0.018,0.025,0.029,0.036,0.037,0.036,0.032,0.028,0.02,0.02,0.02,0.018,0.013,0.018,0.027,0.031,0.031,0.032*,0.027,0.028,0.022,0.018,0.018,0.016,0.015,0.014,0.021,0.029,0.031,0.032,0.026,0.027,0.02,0.015,0.012,0.013,0.012,0.018,0.023,0.031
경기도,부천,0.034,0.033,0.035,0.033,0.029,0.027,0.023,0.021,0.026,0.031,0.031,0.03,0.027,0.028,0.032,0.033,0.032,0.025,0.023,0.023,0.028,0.031,0.032,0.034,0.034,0.033,0.036,0.031,0.028,0.024,0.022,0.023,0.029,0.027,0.028,0.031,0.031,0.028,0.029,0.028,0.025*,0.025,0.019,0.019,0.022,0.029,0.037,0.031,0.034,0.031,0.029,0.027,0.027,0.024,0.019,0.019,0.025,0.03,0.037,0.036,0.034,0.032,0.029,0.022,0.022,0.021,0.019,0.014,0.02,0.03,0.033,0.032,0.031,0.028,0.032,0.023,0.02,0.02,0.019,0.016,0.017,0.026,0.033,0.035,0.032,0.027,0.028,0.02,0.015,0.014,0.015,0.014,0.019,0.023,0.032
경기도,남양주,0.029,0.027,0.033,0.025,0.028,0.02,0.014,0.014,0.015,0.023,0.02,0.03,0.029,0.026,0.031,0.027,0.022,0.022,0.015,0.013,0.016,0.018,0.026,0.027,0.029,0.029,0.03,0.023,0.022,0.018,0.016,0.011,0.017,0.017,0.026,0.029,0.029,0.026,0.025,0.021,0.018,0.018,0.013,0.013,0.012,0.018*,0.028,0.027,0.033,0.029,0.029,0.023,0.023,0.017,0.014,0.013,0.013,0.017,0.026,0.028,0.028,0.027,0.022,0.018,0.016,0.016,0.011,0.01,0.012,0.02,0.026,0.028,0.023,0.024,0.023,0.015,0.013,0.012,0.009,0.009,0.008,0.015,0.024,0.024,0.027,0.022,0.021,0.017,0.014,0.011,0.009,0.01,0.01,0.014,0.021
경기도,용인,0.041,0.037,0.043,0.033,0.032,0.026,0.02,0.024,0.027,0.038,0.033,0.043,0.039,0.034,0.037,0.03,0.026,0.025,0.021,0.023,0.025,0.027,0.032,0.036,0.036,0.035,0.037,0.03,0.027,0.024,0.02,0.02,0.027,0.027,0.034,0.036,0.039,0.038,0.031,0.028,0.024,0.024,0.019,0.018,0.021,0.03,0.042,0.039,0.044,0.043,0.036,0.029,0.022,0.017,0.013,0.014,0.017,0.02,0.03,0.032,0.031,0.027,0.023,0.017,0.014,0.014,0.012,0.01,0.013,0.022,0.027,0.03,0.028,0.025,0.026,0.018,0.015,0.014,0.011,0.011,0.011,0.018,0.026,0.026,0.03,0.024,0.023,0.017,0.013,0.01,0.01,0.009,0.012,0.017,0.025
경기도,김포,0.028,0.028,0.028,0.024,0.018,0.017,0.015,0.015,0.019,0.025,0.025,0.03,0.026,0.024,0.025,0.023,0.019,0.016,0.015,0.013,0.021,0.022,0.027,0.028,0.027,0.025,0.024,0.02,0.017,0.013,0.015,0.014,0.019,0.018,0.025,0.027,0.025,0.025,0.024,0.021,0.016,0.014,0.011,0.011,0.014,0.019,0.025,0.024,0.025,0.02,0.018,0.015,0.014,0.009,0.009,0.01,0.012,0.016,0.022,0.024,0.019,0.017,0.014,0.012,0.012,0.01,0.009,0.01,0.01,0.015,0.02,0.022,0.022,0.019,0.021,0.013,0.011,0.011,0.01,0.01,0.01,0.016*,0.023*,0.022,0.02,0.017,0.017,0.013,0.009,0.008,0.009,0.009,0.01,0.013,0.02
경기도,오산,0.038,0.034,0.039,0.033,0.028,0.024,0.02,0.017,0.025,0.034,0.033,0.04,0.035,0.031,0.035,0.033,0.029,0.023,0.022,0.023,0.028,0.031,0.037,0.038,0.038,0.035,0.038,0.03,0.027,0.021,0.017,0.02,0.026,0.028,0.034,0.033,0.037,0.035,0.03,0.027,0.022,0.02,0.015,0.019,0.023,0.031,0.045,0.033,0.036,0.034,0.034,0.03,0.026,0.019,0.017,0.02,0.024,0.028,0.035,0.035,0.035,0.03,0.027,0.021,0.018,0.018,0.017,0.013,0.018,0.029,0.032,0.033,0.031,0.03,0.03,0.025,0.021,0.02,0.015,0.017,0.018,0.025,0.032,0.032,0.035,0.028,0.028,0.023,0.017,0.013,0.014**,0.014,0.018,0.025,0.033
경기도,하남,0.039,0.038,0.043,0.032,0.036,0.027,0.02,0.023,0.026,0.037,0.03,0.04,0.04,0.037,0.042,0.037,0.037,0.035,0.027,0.03,0.028,0.03,0.037,0.04,0.043,0.042,0.047,0.039,0.04,0.034,0.028,0.023,0.031,0.03,0.037,0.038,0.04,0.041,0.037,0.036,0.032,0.029,0.023,0.021,0.02,0.03,0.04,0.037,0.045,0.039,0.038,0.033,0.033,0.024,0.019,0.022,0.021,0.024,0.034,0.033,0.035,0.033,0.03,0.025,0.02,0.023,0.017,0.015,0.015,0.025,0.03,0.033,0.028,0.028,0.03,0.023,0.019,0.017,0.013,0.013,0.011,0.019,0.03,0.028,0.035,0.029,0.028,0.022,0.019,0.015,0.015,0.016,0.016,0.021,0.027
경기도,화성,0.03,0.028,0.032,0.024,0.02,0.018,0.014,0.014,0.017,0.024,0.026,0.028*,0.023,0.022,0.025,0.026,0.018,0.017,0.014,0.015,0.019,0.024,0.029,0.029,0.028,0.025,0.027,0.021,0.017,0.014,0.014,0.015,0.019,0.02,0.025,0.027,0.028,0.025,0.024,0.022*,0.017*,0.014,0.011,0.01,0.013,0.021,0.031,0.027,0.028,0.024,0.019,0.018,0.015,0.012,0.011,0.012,0.014,0.017,0.024,0.025,0.024,0.021,0.017,0.014,0.013,0.012,0.01,0.007,0.011,0.02,0.025,0.025,0.023,0.021,0.022,0.016,0.013,0.013,0.01,0.011,0.011,0.017,0.022,0.025,0.026,0.02,0.02,0.014,0.01,0.008,0.008,0.009,0.012,0.017,0.022
경기도,양주,0.023,0.02,0.022,0.017,0.015,0.01,0.01,0.011,0.013,0.015,0.018,0.023,0.019,0.018,0.02,0.019,0.014,0.014,0.012,0.01,0.013,0.016,0.023,0.024,0.022,0.021,0.022,0.018,0.016,0.012,0.011,0.009,0.017**,0.014,0.02,0.023,0.019,0.017,0.013,0.011,0.009,0.008,0.007,0.006,0.008,0.014,0.024,0.02,0.026,0.021,0.02,0.015,0.015,0.011,0.01,0.01,0.013,0.016,0.022,0.023,0.02,0.018,0.015,0.013,0.011,0.011,0.01,0.01,0.011,0.016,0.021,0.022,0.021,0.019,0.018,0.014,0.012,0.011,0.01,0.01,0.009,0.014,0.019*,0.021,0.021,0.016,0.015,0.012,0.01,0.008,0.007,0.009,0.011,0.014,0.019
경기도,동두천,0.022,0.022,0.022,0.016,0.013,0.01,0.011,0.011,0.012,0.018,0.016,0.018,0.018,0.019,0.024,0.022,0.017,0.015,0.013,0.011,0.014,0.018,0.026,0.023,0.023,0.023,0.024,0.018,0.017,0.012,0.011,0.010**,0.012,0.014,0.028,0.033,0.024,0.024,0.019,0.015,0.012,0.009,0.008,0.008,0.01,0.015,0.021,0.023,0.028,0.023,0.022,0.015,0.011,0.008,0.008,0.008,0.01,0.012,0.018,0.024,0.021,0.02,0.017,0.012,0.01,0.009,0.007,0.007,0.008,0.013,0.021,0.024,0.024,0.022,0.018,0.013,0.01,0.008,0.007,0.007,0.007,0.012,0.02,0.021,0.022,0.018,0.016,0.012,0.008,0.007,0.006,0.007,0.007,0.01,0.017
경기도,안성,0.022,0.018,0.019,0.013,0.012,0.01,0.009,0.009,0.01,0.015,0.016,0.019,0.018,0.015,0.017,0.014,0.01,0.009,0.008,0.008,0.009,0.012,0.022,0.028,0.028,0.025,0.025,0.016,0.014,0.013,0.011,0.011,0.015,0.016,0.021,0.023,0.026,0.024,0.017,0.014,0.009,0.009,0.007,0.010*,0.011,0.017,0.026,0.027,0.029,0.025,0.021,0.017,0.016,0.012,0.011,0.011,0.011,0.015,0.023,0.024,0.023,0.021,0.018,0.013,0.011,0.011,0.008,0.008,0.01,0.017,0.02,0.022,0.018,0.017,0.015,0.012,0.009,0.009,0.007,0.008,0.008,0.013,0.02,0.022,0.024,0.018,0.016,0.013,0.011,0.008,0.008,0.008,0.009,0.014,0.019
경기도,이천,0.031,0.03,0.031,0.02,0.02,0.015,0.012,0.015,0.017,0.024,0.019,0.022,0.022,0.021,0.025,0.018,0.015,0.013,0.01,0.013*,0.016,0.022,0.034,0.034,0.031,0.028,0.028,0.019,0.018,0.015,0.014,0.013,0.018,0.02,0.028,0.029,0.03,0.03,0.02,0.016,0.014,0.014,0.012,0.01,0.012,0.022,0.038,0.033,0.035,0.025,0.019,0.017,0.015,0.011,0.009,0.01,0.011,0.015,0.023,0.026,0.025,0.021,0.018,0.013,0.011,0.011,0.008,0.008,0.01,0.021*,0.025,0.027,0.023,0.022,0.02,0.015,0.011,0.009,0.009,0.008,0.009,0.015,0.022,0.022,0.025,0.02,0.019,0.013,0.011,0.009,0.009,0.008,0.009,0.014,0.021
경기도,파주,0.031,0.028,0.031,0.023,0.021,0.018,0.015,0.015,0.018,0.023,0.023,0.03,0.027,0.027,0.029,0.026,0.02,0.018,0.016,0.014,0.019,0.022,0.028,0.03,0.029,0.028,0.03,0.022,0.019,0.015,0.015,0.013,0.019,0.019,0.027,0.032,0.028,0.027,0.024,0.021,0.017,0.015,0.011,0.011,0.014,0.02,0.029,0.028,0.033,0.026,0.026,0.022,0.02,0.013,0.013,0.012,0.014,0.018,0.026,0.029,0.023,0.02,0.019,0.014,0.013,0.011,0.009,0.009,0.01,0.016,0.022,0.025,0.023,0.021,0.022,0.015,0.012,0.012,0.01,0.009,0.008,0.014,0.023,0.024,0.024,0.021,0.02,0.015,0.011,0.008,0.007,0.008,0.009,0.013,0.02
경기도,포천,0.04,0.03,0.032,0.025,0.031,0.022,0.019,0.018,0.023,0.041,0.031,0.025*,0.024,0.022,0.022,0.02,0.018**,0.014,0.012,0.01,0.015,0.017,0.024,0.023,0.023,0.023,0.023,0.016,0.015,0.011,0.012,0.01,0.015,0.018,0.023,0.025,0.019,0.018,0.016,0.013,0.01,0.009,0.007,0.007,0.008,0.012,0.018,0.019,0.022,0.017,0.017,0.013,0.013,0.014,0.018,0.011,0.01,0.011,0.013,0.02,0.026,0.023,0.02,0.014,0.007,0.007,0.006,0.006,0.006,0.012,0.016,0.018,0.017,0.015,0.015,0.011,0.008,0.007,0.006,0.006,0.006,0.01,0.016,0.016,0.018,0.014,0.012,0.009,0.008,0.006,0.005,0.005,0.006,0.009,0.012
경기도,여주,0.017,0.011,0.013,0.011,0.016,0.015,0.012,0.013*,0.015,0.023,0.021,0.026,0.028,0.024,0.025,0.018,0.017,0.015,0.014,0.013,0.016,0.021,0.029,0.031,0.032,0.03,0.029,0.02,0.017,0.014,0.013,0.011,0.015,0.018,0.026,0.029,0.031,0.029,0.023,0.019,0.015,0.013,0.01,0.009,0.01,0.019,0.026,0.027,0.031,0.024,0.024,0.019,0.016,0.012,0.01,0.008,0.011,0.016,0.024,0.028,0.022,0.02,0.016,0.012,0.009,0.009,0.007,0.006,0.007,0.014,0.018,0.023,0.019,0.018,0.016,0.013,0.01,0.009,0.008*,0.008,0.008,0.013,0.019,0.018,0.023,0.017,0.015,0.011,0.011,0.008,0.008,0.007,0.008,0.012,0.018
경기도,연천,0.013,0.013,0.012,0.01,0.008,0.006,0.006,0.006,0.006,0.009,0.01,0.014,0.013,0.012,0.013,0.011,0.008,0.009,0.006,0.005,0.006,0.008,0.013,0.014,0.014,0.013,0.013,0.01,0.009,0.007,0.007,0.006,0.007,0.009,0.013,0.017,0.014,0.014,0.013,0.01,0.006,0.005,0.004,0.004,0.006,0.009,0.013,0.015,0.016,0.013,0.013,0.009,0.007,0.005,0.006,0.005,0.005,0.007,0.012,0.014,0.012,0.011,0.01,0.008,0.006,0.006,0.005,0.005,0.006,0.009,0.012,0.013,0.014,0.013,0.01,0.007,0.006,0.005,0.005,0.004,0.004,0.007,0.011,0.013,0.012**,0.009**,0.009,0.006,0.006,0.004,0.003,0.004*,0.004,0.006,0.01
경기도,가평,0.017,0.014,0.015,0.011,0.011,0.009,0.009,0.008,0.007,0.011,0.012,0.017,0.019,0.017,0.015,0.011,0.009,0.009,0.008,0.007,0.007,0.01,0.017,0.019,0.019,0.02,0.018,0.013,0.012,0.01,0.01,0.008,0.008,0.009,0.015,0.018,0.02,0.017,0.016,0.01,0.008,0.007,0.007,0.006,0.006,0.009,0.015,0.016,0.02,0.016,0.012,0.009,0.01,0.008,0.008,0.006,0.006,0.008,0.013,0.017,0.016,0.015,0.012,0.009,0.008,0.008,0.006,0.006,0.006,0.01,0.015,0.017,0.015,0.015,0.012,0.01,0.008,0.007,0.005,0.005,0.005*,0.010**,0.015**,0.014,0.016,0.012,0.011,0.009,0.007,0.006,0.005,0.005,0.005,0.008,0.013
경기도,양평,0.022,0.023,0.022,0.015,0.017,0.011,0.01,0.009,0.008,0.015,0.015,0.02,0.022,0.021,0.022,0.017,0.013,0.013,0.01,0.009,0.009,0.011,0.021,0.021,0.021,0.022,0.021,0.017,0.014,0.013,0.011,0.008,0.01,0.01,0.018,0.023,0.024,0.022,0.018,0.015,0.012,0.012,0.009,0.01,0.008,0.012,0.019,0.022,0.029,0.022,0.021,0.012,0.011,0.01,0.008,0.006,0.005,0.009,0.016,0.02,0.018,0.016,0.015,0.013,0.01,0.01,0.007,0.007,0.007,0.013,0.021,0.028,0.023,0.024,0.021,0.016,0.009,0.007,0.006,0.005,0.005**,0.009,0.016,0.016,0.021,0.016,0.014,0.01,0.008,0.006,0.005,0.006,0.005,0.008,0.014
경기도,도평균,0.035,0.032,0.036,0.029,0.027,0.023,0.018,0.02,0.024,0.032,0.03,0.036,0.032,0.03,0.032,0.03,0.026,0.022,0.019,0.02,0.024,0.027,0.032,0.033,0.033,0.031,0.034,0.028,0.024,0.02,0.018,0.018,0.025,0.025,0.031,0.032,0.033,0.031,0.028,0.025,0.021,0.019,0.015,0.014,0.017,0.025,0.036,0.032,0.036,0.031,0.028,0.024,0.022,0.017,0.014,0.015,0.018,0.022,0.03,0.031,0.03,0.027,0.023,0.017,0.016,0.015,0.012,0.011,0.013,0.022,0.027,0.028,0.026,0.025,0.025,0.018,0.015,0.014,0.012,0.012,0.011,0.018,0.026,0.027,0.029,0.023,0.022,0.017,0.013,0.01,0.01,0.01,0.013,0.018,0.025
강원도,양구,-,-,-,-,-,-,-,-,-,-,-,-,-,-,-,-,-,-,-,-,-,-,-,-,-,-,-,-,-,-,-,-,-,-,-,-,-,-,-,-,-,-,-,-,-,-,-,-,0.013*,0.012,0.013,0.008,0.008,0.005,0.005,0.004,0.004,0.006,0.011,0.014,0.013,0.011,0.009,0.007,0.006,0.006,0.004,0.004,0.004,0.007,0.01,0.013,0.011,0.011,0.008,0.006,0.004,0.005,0.004,0.004,0.003,0.005,0.011,0.013,0.016,0.012,0.01,0.008,0.006,0.005,0.003,0.004,0.003,0.005,0.01
강원도,고성,-,-,-,-,-,-,-,-,-,-,-,-,-,-,-,-,-,-,-,-,-,-,-,-,-,-,-,-,-,-,-,-,-,-,-,-,-,-,-,-,-,-,-,-,-,-,-,0.006,0.008,0.007,0.008,0.006,0.006,0.005,0.004,0.004,0.004,0.005,0.006,0.008,0.006,0.006,0.006,0.005,0.004,0.004,0.003,0.003,0.003,0.004,0.005,0.006,0.005,0.006,0.006,0.003,0.002,0.002,0.003,0.003,0.003,0.003,0.005,0.005,0.006,0.005,0.006,0.006,0.005,0.004,0.003,0.003,0.003,0.003,0.005
강원도,정선,-,-,-,-,-,-,-,-,-,-,-,-,-,-,-,-,-,-,-,-,-,-,-,-,-,-,-,-,-,-,-,-,-,-,-,-,-,-,-,-,-,-,-,-,-,-,-,-,0.017,0.012,0.008,0.008,0.007*,0.004*,0.005,0.005,0.006,0.007,0.012,0.015,0.012,0.009,0.011,0.011,0.01,0.009,0.007,0.006,0.006,0.009,0.01,0.013,0.011,0.009,0.008,0.007,0.005,0.006,0.005,0.005,0.006,0.006,0.01,0.012,0.014,0.01,0.009,0.007,0.006,0.005,0.005,0.005,0.003,0.005,0.008
강원도,횡성,-,-,-,-,-,-,-,-,-,-,-,-,-,-,-,-,-,-,-,-,-,-,-,-,-,-,-,-,-,-,-,-,-,-,-,-,-,-,-,-,-,-,-,-,-,-,-,0.018,0.022,0.014,0.014,0.011,0.01,0.008,0.008,0.008,0.007,0.011,0.016,0.019,0.017,0.015,0.013,0.011,0.009,0.009,0.006,0.006,0.006,0.011,0.015,0.016,0.013,0.012,0.01,0.007,0.006,0.006,0.005,0.005,0.005,0.007,0.012,0.016,0.02,0.015,0.013,0.009,0.008,0.007,0.006,0.007,0.005,0.009,0.016
강원도,춘천,0.027,0.028,0.025,0.018,0.015,0.01,0.009,0.01,0.009,0.019,0.019,0.026*,0.023**,0.020**,0.020**,0.012**,0.011**,0.011**,0.009**,0.008**,0.010**,0.019**,0.029**,0.023**,0.023**,0.022,0.018,0.015,0.013,0.01,0.007,0.007,0.011,0.013,0.023,0.028,0.028,0.024,0.02,0.014,0.013,0.01,0.009,0.008,0.009,0.017,0.026,0.027,0.031,0.021,0.019,0.014,0.013,0.01,0.006,0.006,0.008,0.012,0.023,0.023,0.021,0.019,0.015,0.01,0.008,0.007,0.005,0.005,0.005*,0.011*,0.018,0.021,0.017,0.015,0.013,0.009,0.007,0.006,0.005,0.005,0.005,0.009,0.016,0.018,0.021,0.015,0.014,0.01,0.008,0.006,0.006,0.005,0.007,0.009,0.016
강원도,강릉,0.014,0.014,0.015,0.012,0.012,0.011,0.01,0.009,0.01,0.013,0.014,0.016,0.015,0.015,0.018,0.015,0.015,0.014,0.011,0.007,0.009,0.014,0.017,0.015,0.011,0.013,0.015,0.008,0.014,0.012,0.011,0.013,0.012,0.011,0.012,0.012,0.02,0.011,0.015,0.015,0.013,0.013,0.011,0.01,0.012,0.006**,0.018,0.017,0.017,0.016,0.014,0.013,0.012,0.01,0.008,0.009,0.009,0.009*,-,0.015,0.014,0.014,0.011,0.011**,0.011,0.01,0.01,0.011,0.009,0.01,0.013,0.014,0.015,0.014,0.015,0.011,0.009,0.01,0.01,0.01,0.009,0.008,0.012,0.013,0.016,0.012,0.011,0.009,0.009,0.008,0.007,0.009,0.008,0.012,0.011
강원도,원주,0.033,0.027,0.029,0.022,0.022,0.015,0.01,0.012,0.015,0.025,0.025,0.032,0.033,0.029,0.031,0.022,0.017,0.014,0.012,0.011,0.016,0.021,0.029,0.03,0.031,0.03,0.025,0.017,0.015,0.014,0.013,0.011,0.015,0.019,0.027,0.027,0.028,0.027,0.02,0.017,0.015,0.014,0.012,0.012,0.013,0.016*,0.024,0.024,0.029,0.024,0.018,0.015,0.015,0.011,0.009,0.009,0.009,0.013,0.023,0.027,0.025,0.022,0.017,0.014,0.010*,0.010*,0.009,0.008,0.009,0.015,0.019,0.026,0.022,0.02,0.017,0.013,0.01,0.008,0.007,0.007,0.008,0.012,0.019,0.021,0.025,0.019,0.017,0.013,0.01,0.008,0.008,0.008,0.01,0.013,0.02
강원도,동해,0.02,0.02,0.024,0.02,0.02,0.015,0.013,0.017,0.016,0.019,0.016,0.021,0.018,0.017,0.019,0.017,0.019,0.015,0.013,0.014,0.015,0.018,0.018,0.018,0.016,0.014,0.018,0.014,0.014,0.015,0.016,0.010*,0.020**,0.017,0.021,0.017,0.018,0.017,0.017,0.015,0.013,0.015,0.013,0.014,0.014,0.016,0.023,0.02,0.02,0.018,0.015,0.017,0.017,0.014,0.013,0.013,0.013,0.015,0.019*,0.018,0.015,0.015,0.012,0.011,0.011,0.011,0.009,0.011,0.009,0.014,0.017,0.015,0.016,0.014,0.015,0.012,0.011,0.01,0.011,0.01,0.008,0.011,0.016,0.016,0.017,0.012,0.017,0.012,0.013,0.01,0.009,0.011,0.007,0.01,0.017
강원도,삼척,0.022,0.021,0.023,0.02,0.02,0.018,0.016,0.015,0.013,0.017,0.018,0.02,0.02,0.02,0.02,0.017,0.016,0.015,0.013,0.008,0.01,0.015,0.018,0.021,0.019,0.012,0.013,0.012,0.015,0.013,0.013,0.008,0.017**,0.013,0.019,0.02,0.018,0.017,0.016,0.014,0.012,0.014,0.011,0.01,0.01,0.012,0.019,0.019,0.019,0.018,0.016,0.014,0.014,0.012,0.01,0.009,0.008,0.01,0.016,0.017,0.015,0.015,0.011,0.01,0.009,0.011,0.008,0.01,0.007,0.01,0.014,0.015,0.014,0.013,0.013,0.011,0.01,0.01,0.008,0.008,0.007,0.009,0.014,0.014,0.016,0.012,0.014,0.011,0.01,0.008,0.008,0.009,0.007,0.008,0.015
강원도,평창,-,-,-,-,-,-,-,-,-,-,-,-,-,-,-,-,-,-,-,-,-,-,-,-,-,-,-,-,-,-,-,-,-,-,-,-,0.017,0.013,0.012,0.008,0.007,0.006,0.004,0.004,0.003,0.009,0.015,0.016,0.018,0.012,0.011,0.008,0.007,0.007,0.007,0.006,0.006,0.007,0.012,0.017,0.014,0.011,0.011,0.008,0.007,0.005,0.008**,0.009,0.007,0.008,0.014,0.015,0.01,0.011,0.009,0.007,0.006,0.005,0.005,0.005,0.004,0.007,0.013,0.013,0.014,0.01,0.01,0.008,0.007,0.007,0.006,0.006,0.004,0.005,0.013
강원도,양양,-,-,-,-,-,-,-,-,-,-,-,-,-,-,-,-,-,-,-,-,-,-,-,-,-,-,-,-,-,-,-,-,-,-,-,-,-,-,-,-,-,-,-,-,-,-,-,-,0.009,0.008,0.008,0.007,0.008,0.006,0.005,0.005,0.005,0.006,0.008,0.009,0.008,0.008,0.007,0.006,0.005,0.006,0.005,0.005,0.004,0.006,0.008,0.008,0.007,0.008,0.007,0.006,0.005,0.005,0.004,0.006,0.004,0.006,0.007,0.007,0.009,0.007,0.008,0.006,0.006,0.005,0.005,0.005,0.007,0.009,0.007
강원도,속초,-,-,-,-,-,-,-,-,-,-,-,-,-,-,-,-,-,-,-,-,-,-,-,-,-,-,-,-,-,-,-,-,-,-,-,-,-,-,-,-,-,-,-,-,-,-,-,-,0.015*,0.015,0.012,0.01,0.009,0.008,0.007,0.008,0.008,0.01,0.016,0.016,0.012,0.011,0.01,0.008,0.006,0.008,0.006,0.009,0.007,0.011,0.01,0.01,0.011,0.011,0.011,0.008,0.006,0.006,0.005,0.006,0.006,0.009,0.012,0.012,0.016,0.011,0.011,0.009,0.007,0.006,0.005,0.007,0.006,0.007,0.011
강원도,영월,-,-,-,-,-,-,-,-,-,-,-,-,-,-,-,-,-,-,-,-,-,-,-,-,-,-,-,-,-,-,-,-,-,-,-,-,-,-,-,-,-,-,-,-,-,-,-,-,0.016,0.011,0.01,0.007,0.005,0.005,0.004,0.004,0.003,0.006,0.012,0.016,0.013,0.01,0.009,0.007,0.005,0.004,0.004,0.005,0.004,0.008,0.01,0.016,0.01,0.012,0.01,0.007,0.006,0.007,0.005,0.006,0.006,0.009,0.012,0.012,0.013,0.007,0.006,0.007,0.005,0.005,0.005,0.005,0.005,0.005,0.01
강원도,철원,-,-,-,-,-,-,-,-,-,-,-,-,-,-,-,-,-,-,-,-,-,-,-,-,-,-,-,-,-,-,-,-,-,-,-,-,-,-,-,-,-,-,-,-,-,-,-,-,0.014,0.011,0.011,0.008,0.007,0.005,0.005,0.005,0.006,0.008,0.01,0.009,0.007,0.007,0.008,0.008,0.005,0.005,0.003,0.003,0.004,0.007,0.013,0.014,0.011,0.01,0.01,0.009,0.006,0.006,0.005,0.005,0.005,0.007,0.009,0.011,0.01,0.009,0.007,0.006,0.006,0.006,0.005,0.005,0.007,0.01,0.008
강원도,홍천,-,-,-,-,-,-,-,-,-,-,-,-,-,-,-,-,-,-,-,-,-,-,-,-,-,-,-,-,-,-,-,-,-,-,-,-,-,-,-,-,-,-,-,-,-,-,-,-,-,0.022,0.018,0.012,0.012,0.01,0.009,0.009,0.009,0.014,0.017,0.022,0.022,0.017,0.015,0.012,0.009,0.009,0.007,0.008,0.009,0.013,0.018,0.023,0.019,0.018,0.016,0.011,0.008,0.007,0.006,0.007,0.007,0.011,0.019,0.019,0.021,0.017,0.013,0.011,0.008,0.006,0.007,0.007,0.003,0.004,0.019
강원도,화천,-,-,-,-,-,-,-,-,-,-,-,-,-,-,-,-,-,-,-,-,-,-,-,-,-,-,-,-,-,-,-,-,-,-,-,-,-,-,-,-,-,-,-,-,-,-,-,-,-,0.005,0.009,0.006,0.005,0.003,0.003,0.003,0.003,0.005,0.01,0.014,0.011,0.009,0.008,0.006,0.004,0.004,0.003,0.002,0.003,0.006,0.01,0.013,0.012,0.011,0.009,0.006,0.004,0.004,0.003,0.003,0.003,0.005,0.011,0.012,0.014,0.011,0.009,0.007,0.005,0.005*,0.003,0.003,0.006,0.007,0.009
강원도,태백,-,-,-,-,-,-,-,-,-,-,-,-,-,-,-,-,-,-,-,-,-,-,-,-,-,-,-,-,-,-,-,-,-,-,-,-,-,-,-,-,-,-,-,-,-,-,-,-,-,0.012,0.01,0.009,0.008,0.008,0.005,0.007,0.008,0.009,0.013,0.012,0.012,0.012,0.01,0.008,0.006,0.006,0.005,0.005,0.006,0.009,0.011,0.012,0.01,0.013,0.01,0.008,0.006,0.006,0.005,0.004,0.004,0.007,0.01,0.01,0.012,0.01,0.008,0.007,0.008,0.006,0.006,0.006,0.006,0.011,0.011
강원도,인제,-,-,-,-,-,-,-,-,-,-,-,-,-,-,-,-,-,-,-,-,-,-,-,-,-,-,-,-,-,-,-,-,-,-,-,-,-,-,-,-,-,-,-,-,-,-,-,-,-,-,-,0.007*,0.007,0.005,0.003,0.003,0.003,0.004,0.008,0.009,0.008,0.007,0.006,0.005,0.004,0.003,0.002,0.002,0.003,0.005,0.008,0.01,0.007,0.008,0.007,0.005,0.004,0.004,0.003,0.003,0.003,0.005,0.009,0.009,0.01,0.007,0.007,0.006,0.005,0.004,0.003,0.004,0.004,0.005,0.007
강원도,도평균,0.025,0.023,0.024,0.019,0.018,0.014,0.011,0.012,0.013,0.02,0.019,0.025,0.024,0.022,0.023,0.018,0.016,0.014,0.011,0.01,0.013,0.018,0.024,0.023,0.022,0.02,0.019,0.014,0.014,0.013,0.011,0.009,0.013*,0.015,0.022,0.023,0.023,0.02,0.018,0.014,0.013,0.012,0.01,0.01,0.01,0.015,0.022,0.02,0.02,0.015,0.014,0.011,0.01,0.008,0.007,0.007,0.007,0.009,0.015,0.017,0.015,0.013,0.011,0.009,0.007,0.007,0.006,0.006,0.006,0.01,0.014,0.016,0.014,0.013,0.012,0.009,0.007,0.006,0.006,0.006,0.005,0.008,0.013,0.014,0.017,0.013,0.012,0.009,0.008,0.007,0.006,0.006,0.006,0.008,0.013
충청북도,괴산,-,-,-,-,-,-,-,-,-,-,-,-,-,-,-,-,-,-,-,-,-,-,-,-,-,-,-,-,-,-,-,-,-,-,-,-,-,-,-,-,-,-,-,-,-,-,-,-,-,0.016,0.013,0.009,0.008,0.007,0.006,0.007,0.008,0.01,0.014,0.018,0.017,0.013,0.01,0.009,0.006,0.006,0.005,0.004,0.006,0.01,0.014,0.018,0.015,0.014,0.011,0.008,0.006,0.006,0.004,0.004,0.004,0.006,0.01,0.013,0.017,0.013,0.011,0.009,0.006,0.005,0.004,0.004,0.005,0.008,0.012
충청북도,음성,-,-,-,-,-,-,-,-,-,-,-,-,-,-,-,-,-,-,-,-,-,-,-,-,-,-,-,-,-,-,-,-,-,-,-,-,-,-,-,-,-,-,-,-,-,-,-,-,-,0.018,0.014,0.011,0.011,0.008,0.007,0.007,0.009,0.012,0.019,0.021,0.02,0.016,0.013,0.012,0.008*,0.008,0.007,0.005,0.008,0.012,0.016,0.019,0.016,0.015,0.014,0.011,0.009,0.008,0.007,0.007,0.007,0.01,0.014,0.017,0.019,0.015,0.013,0.01,0.009,0.007,0.006,0.006,0.008,0.011,0.015
충청북도,청주,0.029,0.022,0.024,0.017,0.018,0.015,0.009,0.012,0.014,0.021,0.022,0.026,0.025,0.023,0.025,0.02,0.017,0.015,0.014,0.014*,0.014,0.02,0.026,0.026,0.026,0.025,0.024,0.02,0.017,0.015,0.014,0.014,0.016,0.015,0.02,0.023,0.03,0.026,0.019,0.017,0.014,0.019,0.018,0.018,0.018,0.022,0.03,0.027,0.031,0.031,0.027,0.021,0.018,0.015,0.013,0.013,0.015,0.019,0.027,0.03,0.027,0.026,0.021,0.016,0.012,0.012,0.01,0.009,0.011,0.018,0.022,0.025,0.023,0.021,0.02,0.015,0.013,0.011,0.009,0.01,0.01,0.016,0.022,0.022,0.024,0.018,0.016,0.012,0.01,0.007,0.007,0.008,0.009,0.014,0.021
충청북도,충주,0.033,0.029,0.031,0.021,0.017,0.015,0.013,0.013,0.017,0.026,0.026,0.031,0.029,0.026,0.028,0.022,0.017,0.016,0.013,0.013,0.016,0.02,0.033,0.033,0.031,0.03,0.028,0.02,0.017,0.015,0.013,0.013**,0.018,0.017,0.032,0.033,0.034,0.031,0.023,0.02,0.017,0.013,0.014,0.015,0.017,0.023,0.032,0.033,0.037,0.032,0.024,0.018,0.019,0.019**,0.011,0.011,0.014,0.019,0.027,0.028,0.026,0.023,0.015,0.013,0.011*,0.01,0.008,0.009,0.011,0.015,0.019,0.023,0.02,0.018,0.017,0.013,0.013**,0.01**,0.009**,0.009**,0.010**,0.014*,0.017,0.02,0.02,0.018,0.017,0.013,0.011,0.008,0.008,0.009,0.011,0.014,0.021
충청북도,제천,0.05,0.04,0.044,0.034,0.027,0.026,0.014,0.016,0.019,0.022,0.023,0.024,0.022,0.021,0.024,0.02,0.021,0.02,0.016,0.015,0.017,0.022,0.03,0.03,0.027,0.028,0.027,0.021,0.02,0.02,0.018,0.019,0.011,0.013,0.016,0.026,0.033,0.023,0.023*,0.025,0.022,0.018,0.019,0.023,0.02,0.027,0.032,0.029,0.036,0.028,0.025,0.022,0.019,0.017,0.011,0.011,0.009,0.013,0.026,0.024,0.021,0.024,0.02,0.013,0.01,-,0.011,0.009,0.011,0.016,0.019,0.023,0.02,0.018,0.017,0.014,0.013,0.011,0.01,0.011,0.011,0.014,0.018,0.018,0.022,0.017,0.016,0.013,0.012,0.01,0.009,0.009,0.013,0.015,0.022
충청북도,단양,0.02,0.016,0.018,0.013,0.013,0.014,0.01,0.012,0.011,0.012,0.015,0.018,0.019,0.016,0.015,0.012,0.012,0.011,0.015,0.017,0.017,0.02,0.025,0.026,0.027,0.025,0.028,0.021,0.022,0.025,0.015,0.012,0.014,0.016,0.021,0.022,0.021,0.021,0.018,0.014,0.014,0.016,0.013,0.013,0.014,0.015,0.018,0.019,0.021,0.017,0.016,0.012,0.012,0.009,0.008,0.008,0.008,0.013,0.012,0.013,0.012,0.011,0.013,0.009,0.008,0.008,0.006,0.006,0.008,0.011,0.013,0.016,0.013,0.012,0.011,0.01,0.008,0.008,0.009,0.009,0.008,0.015,0.021,0.022,0.025,0.017,0.016,0.014,0.01,0.008,0.007,0.008,0.009,0.011,0.016
충청북도,진천,-,-,-,-,-,-,-,-,-,-,-,-,-,-,-,-,-,-,0.011,0.01,0.013,0.018,0.024,0.02,0.025,0.023,0.02,0.015,0.008,0.007,0.003,0.009,0.016,0.019,0.025,0.024,0.027,0.023,0.021,0.018,0.013,0.01,0.011,0.013,0.016,0.022,0.033,0.031,0.031,0.027,0.021,0.018,0.016,0.013,0.011,0.011,0.015,0.02,0.026,0.027,0.026,0.023,0.014,0.010*,0.009,0.009,0.008,0.007,0.01,0.015,0.02,0.021,0.02,0.017,0.015,0.011,0.01,0.009,0.008**,0.008,0.009,0.013,0.018,0.022,0.024,0.018,0.015,0.011,0.009,0.007,0.007,0.007,0.01,0.013,0.019
충청북도,옥천,-,-,-,-,-,-,-,-,-,-,-,-,-,-,-,-,-,-,-,-,-,-,-,-,-,-,-,0.017,0.014,0.011,0.009,0.01,0.017,0.015,0.021,0.02,0.021,0.02,0.016,0.018,0.013,0.015,0.017,0.019,0.02,0.023,0.032,0.028,0.028,0.026,0.022,0.019,0.018,0.012,0.01,0.011,0.012,0.015,0.021,0.024,0.022,0.02,0.019,0.015,0.012,0.012,0.013,0.011,0.016,0.021,0.02,0.018*,0.020*,0.022,0.023,0.02,0.016,0.017,0.013,0.013,0.013,0.02,0.024,0.025,0.026,0.022,0.022,0.019,0.016,0.011,0.011,0.011,0.013,0.014,0.019
충청북도,영동,-,-,-,-,-,-,-,-,-,-,-,-,-,-,-,-,-,-,-,-,-,-,-,-,-,-,-,-,-,-,-,-,-,-,-,-,-,-,-,0.008,0.009,0.009,0.01,0.011,0.011,0.013,0.019,0.02,0.02,0.018,0.016,0.012,0.009,0.007,0.005,0.006,0.007,0.009,0.014,0.018,0.017,0.014,0.013,0.010*,0.008,0.008,0.006,0.006,0.007,0.011,0.013,0.016,0.015,0.013,0.012,0.01,0.009,0.008,0.006,0.006,0.006,0.009,0.013,0.014,0.015*,0.013,0.012,0.01,0.008,0.006,0.006,0.005,0.006,0.008,0.013
충청북도,증평,-,-,-,-,-,-,-,-,-,-,-,-,-,-,-,-,-,-,-,-,-,-,-,-,-,-,-,-,-,-,-,-,-,-,-,-,-,-,-,0.011,0.009,0.011,0.016,0.016,0.014,0.017,0.027,0.027,0.028,0.026,0.022,0.018,0.017,0.014,0.011,0.01,0.011,0.015,0.022,0.023,0.022,0.019,0.017,0.01,0.008,0.007,0.006,0.006,0.007,0.01,0.018,0.02,0.02,0.017,0.016,0.014*,-,-,0.008,0.007,0.007,0.01,0.014,0.016,0.017,0.014,0.012,0.011,0.009,0.007,0.006,0.006,0.006,0.009,0.014
충청북도,보은,-,-,-,-,-,-,-,-,-,-,-,-,-,-,-,-,-,-,-,-,-,-,-,-,-,-,-,-,-,-,-,-,-,-,-,-,-,-,-,-,-,-,-,-,-,-,-,-,0.017,0.015,0.012,0.009,0.009,0.009,0.007,0.007,0.008,0.01,0.015,0.017,0.015,0.013,0.01,0.009,0.007,0.008,0.006,0.007,0.007,0.011,0.014,0.016,0.016,0.014,0.012,0.009,0.008,0.007,0.006,0.006,0.006,0.009,0.012,0.014,0.017,0.014,0.011,0.008*,0.007,0.005,0.005,0.005,0.005,0.008,0.012
충청북도,도평균,0.031,0.025,0.028,0.019,0.018,0.016,0.011,0.013,0.015,0.021,0.022,0.026,0.025,0.023,0.025,0.02,0.017,0.015,0.014,0.014,0.015,0.02,0.027,0.027,0.027,0.026,0.025,0.019,0.016,0.015,0.013,0.013,0.016,0.016,0.023,0.025,0.029,0.025,0.02,0.017,0.014,0.015,0.016,0.016,0.017,0.021,0.029,0.027,0.029,0.026,0.022,0.017,0.016,0.013,0.01,0.011,0.012,0.016,0.023,0.025,0.023,0.02,0.016,0.013,0.01,0.01,0.008,0.008,0.01,0.015,0.018,0.021,0.019,0.017,0.016,0.013,0.011,0.01,0.008,0.009,0.009,0.013,0.018,0.019,0.021,0.017,0.015,0.012,0.01,0.008,0.007,0.007,0.009,0.012,0.018
충청남도,천안,0.025,0.022,0.025,0.021,0.019,0.017,0.013,0.015,0.025,0.025,0.031,0.032,0.026,0.022,0.023,0.024,0.023,0.019,0.017,0.02,0.024,0.024,0.026,0.027,0.026,0.024,0.026,0.019,0.016,0.015,0.015,0.014,0.018,0.026,0.03,0.032,0.032,0.029,0.025,0.024,0.019,0.017,0.014,0.013,0.016,0.022,0.033,0.031,0.034,0.029,0.028,0.023,0.021,0.018,0.014,0.015,0.016,0.022,0.028,0.026,0.025,0.022,0.019*,0.015*,0.013*,0.014,0.012,0.01,0.012,0.019,0.023,0.025,0.024,0.021,0.022,0.017,0.014,0.013,0.011,0.012,0.011,0.017,0.022*,0.025,0.027,0.022,0.02,0.017,0.013,0.01,0.01,0.01,0.013,0.019,0.025
충청남도,당진,0.016,0.011,0.014,0.012,0.011,0.012,0.01,0.01,0.013,0.011,0.017,0.019,0.013,0.01,0.01,0.017,0.014,0.014,0.009,0.013,0.01,0.016,0.014,0.015,0.012,0.01,0.011,0.01,0.008,0.009,0.008,0.01,0.012,0.011,0.010*,0.011**,0.020*,0.019,0.017,0.016,0.014,0.011,0.008,0.01,0.013,0.016,0.021,0.021,0.021,0.019,0.016,0.015,0.012,0.011*,0.008,0.009,0.011,0.014,0.017,0.019,0.021,0.018,0.016,0.012,0.011,0.012,0.011,0.007,0.012,0.016,0.018,0.018,0.02,0.017,0.018,0.015,0.011,0.011,0.012,0.011,0.011,0.012,0.016**,0.018,0.019,0.014,0.015,0.013,0.01,0.008,0.008,0.006,0.01,0.012,0.015
충청남도,서산,0.021,0.018,0.02,0.016,0.014,0.012,0.009,0.016,0.03,0.027,0.031,0.028,0.022,0.021,0.022,0.027,0.016,0.014,0.011,0.013,0.014,0.023,0.029,0.029,0.028,0.026,0.028,0.02,0.015,0.015,0.009,0.013,0.015,0.015,0.015,0.016,0.021,0.018,0.018,0.015,0.014,0.011,0.01,0.01,0.013,0.018,0.023,0.02,0.022,0.019,0.018,0.016,0.011,0.01,0.008,0.009,0.011,0.014,0.019,0.018,0.02,0.017,0.015,0.011,0.011,0.011,0.01,0.007,0.01,0.014*,0.017,0.018,0.02,0.018,0.018,0.015,0.011,0.011,0.01,0.01,0.009,0.011,0.015,0.017,0.018,0.015,0.014,0.011,0.009,0.007,0.007,0.006,0.009,0.011,0.016
충청남도,아산,0.024,0.021,0.021,0.014,0.017,0.018,0.013,0.01**,0.012*,0.014,0.016,0.019,0.023,0.015,0.016,0.016,0.014,0.016,0.012,0.014,0.014,0.026,0.032,0.033,0.033*,0.029,0.028,0.019,0.021,0.021,0.015,0.017,0.024,0.023,0.022,0.023,0.026,0.025,0.021**,0.017,0.013,0.012,0.009,0.01,0.012,0.017,0.025,0.022,0.024,0.022,0.019,0.017,0.014,0.011,0.009,0.01,0.012,0.016,0.02,0.021,0.022,0.019,0.016,0.012,0.011,0.01,0.01,0.008,0.012,0.018,0.02,0.022,0.021,0.018,0.018,0.014,0.012,0.012,0.01,0.01,0.01,0.015,0.019,0.021,0.022,0.018,0.017,0.014,0.01,0.008,0.008,0.008,0.011,0.013,0.018
충청남도,논산,-,-,-,-,-,-,-,-,-,-,-,-,-,-,-,-,-,-,-,-,-,-,-,-,-,-,-,-,-,-,0.01,0.01,0.014,0.017,0.019,0.023,0.025,0.021,0.014,0.012,0.01,0.009,0.006,0.009,0.011,0.017,0.024,0.023,0.023,0.022,0.018,0.015,0.013,0.011,0.009,0.01,0.011,0.014,0.021,0.022,0.021,0.018,0.015,0.013,0.01,0.009,0.008,0.007,0.009,0.016,0.019,0.021,0.019,0.016,0.015,0.013,0.009,0.008,0.007,0.008,0.008,0.013,0.016,0.017,0.019,0.016,0.014,0.012,0.01,0.006,0.006,0.007,0.009,0.012,0.017
충청남도,태안,-,-,-,-,-,-,-,-,-,-,-,-,-,-,-,-,-,-,-,-,-,-,-,-,-,-,-,-,-,-,0.005,0.007,0.009*,0.009,0.012,0.013,0.014,0.014,0.013,0.01,0.009,0.01,0.006,0.007,0.008,0.011,0.014,0.013,0.013,0.012,0.013,0.012,0.009,0.007,0.006,0.007,0.007,0.008,0.012,0.012,0.015,0.013,0.012,0.009,0.009,0.009,0.008,0.006,0.008,0.012,0.015,0.012,0.014,0.014,0.014,0.011,0.008,0.008,0.007,0.007,0.007,0.009,0.012,0.013,0.013,0.011,0.011,0.009,0.007,0.005,0.006,0.005,0.008,0.01,0.014
충청남도,보령,-,-,-,-,-,-,-,-,-,-,-,-,-,-,-,-,-,-,-,-,-,-,-,-,-,-,-,-,-,-,0.006,0.006,0.009,0.012,0.012,0.015,0.016,0.015,0.011,0.008,0.006,0.006*,0.005,0.006,0.007,0.011,0.017,0.015,0.017,0.014,0.012,0.011,0.009,0.007,0.006,0.006,0.007,0.01,0.014,0.012,0.014,0.014,0.011,0.009,0.007,0.007,0.006,0.004,0.005,0.011,0.013,0.016,0.016,0.014,0.014,0.011,0.008,0.008,0.007,0.006,0.005,0.009,0.012,0.014,0.017,0.012,0.011,0.01,0.007,0.006,0.006,0.005,0.006,0.01,0.014
충청남도,홍성,-,-,-,-,-,-,-,-,-,-,-,-,-,-,-,-,-,-,-,-,-,-,-,-,-,-,-,-,-,-,0.009,0.01,0.012,0.015,0.017,0.022,0.022,0.018,0.012,0.011,0.007,0.006,0.007,0.008,0.009,0.015,0.023,0.022,0.022,0.019,0.013,0.012,0.01,0.008,0.007,0.007,0.008,0.011,0.017,0.017,0.017,0.015,0.011,0.009,0.008,0.007,0.007,0.005,0.007,0.013,0.015,0.016,0.016,0.013,0.014,0.011,0.008,0.007,0.007,0.007,0.007,0.011,0.015,0.017,0.019,0.013,0.012,0.009,0.007,0.006,0.006,0.005,0.008,0.01,0.016
충청남도,공주,-,-,-,-,-,-,-,-,-,-,-,-,-,-,-,-,-,-,-,-,-,-,-,-,-,-,-,-,-,-,0.006,0.008,0.01,0.013,0.016,0.017,0.019,0.016,0.01,0.007,0.004,0.006,0.006,0.006,0.008,0.012,0.023,0.019,0.018,0.016,0.012,0.01,0.008,0.006,0.005,0.005,0.007,0.008,0.013,0.015,0.013,0.011,0.009,0.006,0.005,0.006,0.006,0.005,0.006,0.01,0.013,0.015,0.016,0.012,0.012,0.009,0.007,0.007,0.007,0.007*,0.006**,0.01,0.012,0.015,0.016,0.012,0.011,0.009,0.006,0.005,0.005,0.006**,0.007,0.009,0.013
충청남도,부여,-,-,-,-,-,-,-,-,-,-,-,-,-,-,-,-,-,-,-,-,-,-,-,-,-,-,-,-,-,-,0.008,0.01,0.014,0.017,0.017,0.021,0.022,0.019,0.012,0.007,0.007,0.006,0.007,0.007,0.01,0.015,0.024,0.023,0.024,0.02,0.018,0.013,0.013,0.011,0.008,0.007,0.008,0.01,0.016,0.019,0.021,0.018,0.013,0.01,0.009,0.009,0.008,0.007,0.009,0.014,0.018,0.015,0.012,0.009,0.007,0.008,0.009,0.008,0.007,0.007,0.008,0.011,0.015,0.017,0.019,0.016,0.013*,0.011,0.009,0.007,0.007,0.007,0.008,0.012,0.017
충청남도,청양,-,-,-,-,-,-,-,-,-,-,-,-,-,-,-,-,-,-,-,-,-,-,-,-,-,-,-,-,-,-,-,-,-,-,-,0.016*,0.016,0.015,0.009,0.007,0.005,0.005,0.005,0.006,0.006,0.009,0.015,0.014,0.015,0.013,0.011,0.009,0.007,0.005,0.005,0.005,0.005,0.008,0.012,0.013,0.014,0.01,0.009,0.007,0.005,0.005,0.006,0.005,0.005,0.009,0.011,0.012,0.013,0.009,0.01,0.008,0.006,0.005,0.005,0.005,0.005,0.008,0.01,0.013,0.014,0.011,0.009,0.007,0.006,0.005,0.005,0.004,0.005,0.007,0.01
충청남도,금산,-,-,-,-,-,-,-,-,-,-,-,-,-,-,-,-,-,-,-,-,-,-,-,-,-,-,-,-,-,-,-,-,-,-,-,0.020**,0.020*,0.02,0.013,0.009,0.007,0.008,0.007,0.007,0.008,0.013,0.02,0.02,0.022,0.018,0.014,0.011,0.01,0.008,0.007,0.006,0.007,0.01,0.016,0.018,0.017,0.015,0.012,0.01,0.007,0.008,0.007,0.007,0.008,0.012,0.017,0.02,0.019,0.016,0.013,0.009*,0.007,0.006,0.006,0.007,0.007,0.011,0.016,0.017,0.019,0.016,0.012,0.009,0.008,0.006,0.006,0.006,0.006,0.009,0.015
충청남도,예산,-,-,-,-,-,-,-,-,-,-,-,-,-,-,-,-,-,-,-,-,-,-,-,-,-,-,-,-,-,-,0.009,0.009,0.012,0.015*,0.017,0.018,0.022,0.02,0.014,0.011,0.008,0.008,0.007,0.007,0.009,0.014,0.022,0.021,0.02,0.019,0.015,0.013,0.01,0.009,0.008,0.008,0.01,0.012,0.016,0.017,0.018,0.014,0.011,0.008,0.007,0.006,0.005,0.004,0.006,0.011,0.013,0.016,0.017,0.015,0.015,0.011,0.008,0.007,0.007,0.007,0.007,0.01,0.014,0.017,0.019,0.014,0.012,0.009,0.007,0.005,0.005,0.005,0.007,0.009,0.014
충청남도,계룡,-,-,-,-,-,-,-,-,-,-,-,-,-,-,-,-,-,-,-,-,-,-,-,-,-,-,-,-,-,-,-,-,-,-,-,-,-,-,0.015**,0.012,0.007,0.01,0.009,0.009,0.012,0.017,0.031,0.028,0.029,0.026,0.02,0.014,0.011,0.01,0.008,0.009,0.011,0.013,0.019,0.022,0.023,0.018,0.015,0.011,0.009,0.009,0.008,0.007,0.009,0.016,0.02,0.023,0.022,0.016,0.017,-,0.008,0.008,0.007,0.007,0.007,0.012,0.016,0.02,0.022,0.017,0.014,0.011,0.009,0.007,0.006,0.005,0.008,0.012,0.019
충청남도,서천,-,-,-,-,-,-,-,-,-,-,-,-,-,-,-,-,-,-,-,-,-,-,-,-,-,-,-,-,-,-,-,-,-,-,-,-,-,-,0.010**,0.008,0.007,0.007,0.005,0.006,0.007,0.01,0.017,0.014,0.016,0.013,0.012,0.009,0.008,0.006,0.005,0.005,0.006,0.008,0.01,0.013,0.014,0.013,0.011,0.01,0.008,0.007,0.007,0.006,0.007,0.01,0.013,0.014,0.013,0.013,0.014,0.011,0.008,0.007,0.006,0.006,0.006,0.009,0.013,0.014,0.016,0.013,0.012,0.011,0.008,0.006,0.006,0.005,0.006,0.009,0.012
충청남도,도평균,0.021,0.017,0.02,0.016,0.015,0.014,0.011,0.013,0.021,0.02,0.025,0.025,0.021,0.017,0.018,0.021,0.017,0.016,0.012,0.015,0.016,0.022,0.024,0.025,0.023,0.021,0.022,0.017,0.014,0.014,0.009,0.011,0.014,0.015,0.017,0.019,0.022,0.02,0.016,0.014,0.011,0.01,0.008,0.009,0.011,0.016,0.023,0.021,0.022,0.019,0.017,0.014,0.012,0.01,0.008,0.008,0.01,0.013,0.017,0.018,0.019,0.017,0.014,0.011,0.009,0.009,0.009,0.007,0.009,0.014,0.017,0.018,0.018,0.016,0.016,0.012,0.01,0.009,0.008,0.008,0.008,0.012,0.015,0.017,0.019,0.015,0.014,0.011,0.009,0.007,0.007,0.006,0.009,0.012,0.016
전라북도,임실,-,-,-,-,-,-,-,-,-,-,-,-,-,-,-,-,-,-,-,-,-,-,-,-,-,-,-,-,-,-,-,-,-,-,-,-,-,-,-,-,-,-,-,0.006,0.006,0.009,0.012,0.011,0.013,0.011,0.01,0.007,0.005,0.004,0.003,0.003,0.004,0.005,0.01,0.012,0.012,0.01,0.008,0.007,0.004,0.004,0.003,0.002,0.004*,0.012*,0.013,0.015,0.018,0.016,0.013,0.01,0.008,0.007,0.006,0.006,0.006,0.01,0.013,0.014,0.017,0.014,0.012,0.009,0.008,0.005,0.005,0.005,0.006,0.008,0.013
전라북도,전주,0.024,0.02,0.021,0.015,0.014,0.013,0.012,0.014,0.014,0.02,0.022,0.027,0.025,0.021,0.022,0.018,0.014,0.013,0.01,0.014,0.015,0.02,0.025,0.024,0.023,0.021,0.02,0.015,0.012,0.011,0.01,0.012,0.014,0.017,0.021,0.02,0.02,0.019,0.016,0.014,0.011,0.01,0.009,0.01,0.012*,0.018*,0.027,0.025,0.027,0.023,0.018,0.017,0.015,0.01,0.009,0.012,0.013,0.017,0.023,0.026,0.026,0.022,0.017,0.014,0.011,0.011,0.009,0.006,0.009,0.016,0.019,0.023,0.022,0.019,0.017,0.015,0.011,0.01,0.009,0.009,0.01,0.015,0.02,0.021,0.024,0.02,0.017,0.014,0.011,0.008,0.007,0.007,0.01,0.014,0.021
전라북도,군산,0.024,0.019,0.022,0.018,0.015,0.011,0.01,0.01,0.012,0.018,0.02,0.022,0.019,0.018,0.018,0.018,0.015,0.012,0.01,0.01,0.012,0.016,0.021,0.02,0.018,0.017,0.019,0.016,0.013,0.012,0.009,0.01,0.012,0.014,0.017,0.017,0.018,0.017,0.016,0.015,0.009,0.009,0.007,0.007,0.006,0.014,0.021,0.016,0.017,0.013,0.015,0.013,0.013,0.009,0.007,0.007,0.008,0.011,0.014,0.012,0.012,0.013,0.011,0.009,0.009,0.008,0.007,0.005,0.008,0.012,0.013,0.014,0.014,0.012,0.013,0.011,0.009,0.008,0.006,0.006,0.008,0.011*,0.015*,0.015,0.017,0.014,0.015,0.012,0.009,0.007,0.007,0.006,0.009,0.011,0.016
전라북도,익산,0.023,0.019,0.021,0.016,0.015,0.012,0.009,0.012,0.014,0.018,0.021,0.024,0.022,0.02,0.021,0.019,0.016,0.016,0.011,0.012,0.014,0.018,0.021,0.022,0.023,0.022,0.022,0.017,0.016,0.013,0.011,0.011,0.014,0.016,0.02,0.019,0.019,0.02,0.017,0.015,0.013,0.011,0.01,0.007**,0.009**,0.013**,0.017*,0.017*,0.02,0.018,0.016,0.018,0.016,0.012,0.01,0.009,0.011,0.013,0.019,0.016*,0.015,0.013,0.011,0.01,0.009,0.008,0.007,0.007,0.008,0.013,0.014,0.016,0.015,0.011,0.011*,0.009,0.008,0.007*,0.007,0.007,0.007*,0.012,0.013,0.015,0.015,0.013,0.012,0.01,0.008,0.006,0.006,0.006,0.007,0.009,0.013
전라북도,남원,0.017,0.016,0.015,0.01,0.008,0.008,0.007,0.007,0.006,0.013,0.016,0.019,0.018,0.016,0.015,0.014,0.012,0.012,0.01,0.008,0.009,0.012,0.017,0.019,0.017,0.016,0.016,0.013,0.01,0.007,0.007,0.009,0.008,0.01,0.015,0.016,0.017,0.017,0.016,0.012,0.01,0.01,0.007*,-,-,0.01,0.016,0.018,0.019,0.016,0.014,0.011,0.011,0.009,0.008,0.009,0.008,0.01,0.015,0.017,0.017,0.013,0.01,0.011,0.007,0.01,0.009,0.007,0.008,0.011,0.015,0.018,0.018,0.016,0.013,0.01,0.008,0.008,0.007,0.006,0.006,0.009,0.012*,0.012,0.013,0.011,0.01,0.008,0.007,0.006,0.005,0.004,0.005,0.007,0.01
전라북도,정읍,0.019,0.014,0.016,0.012,0.01,0.01,0.009,0.01,0.012,0.014,0.016,0.019,0.02,0.015,0.018,0.012,0.01,0.008,-,-,0.01,0.013,0.018,0.02,0.02,0.016,0.016,0.014,0.011,0.011,0.007,0.01,0.012,0.014,0.018,0.019,0.019,0.021,0.018,0.015,0.013,0.011,0.007,0.006,0.009,0.012,0.018,0.017,0.018,0.016,0.014,0.013,0.01,0.009,0.007,0.008,0.009,0.013,0.016,0.017,0.018,0.014,0.012,0.011,0.01,0.011,0.01,0.007**,0.011*,0.014,0.016,0.016,0.018,0.014*,0.013,0.012,0.009,0.007,0.006,0.006,0.007,0.01,0.013,0.014,0.015,0.012,0.011,0.009,0.007,0.005,0.005,0.005,0.007,0.008,0.013
전라북도,고창,0.014,0.012,0.013,0.008,0.006,0.006,0.005,0.005,0.006,0.009,0.012,0.016,0.014,0.011,0.012,0.011,0.01,0.008,0.007,0.007,0.009,0.011,0.012,0.014,0.013,0.011,0.013,0.013,0.011,0.009,0.006,0.008,0.009,0.012,0.014,0.013,0.014,0.015,0.014,0.011,0.01,0.009,0.008,0.007,0.009,0.009,0.016,0.012*,0.011,0.01,0.009,0.01,0.008,0.007,0.006,0.005,0.006,0.009,0.012,0.012,0.013,0.01,0.01,0.006*,0.006**,0.004*,0.004,0.003,0.005,0.007,0.008,0.01,0.01,0.009,0.008,0.006,0.005,0.004,0.003*,0.002**,0.003**,0.005*,0.007,0.009,0.011,0.008,0.006,0.005,0.003*,0.003,0.004,0.003,0.003*,0.005,0.006
전라북도,부안,-,-,-,-,0.009,0.006,0.004,0.006,0.011,0.011,0.018,0.02,0.021,0.014,0.015,0.013,0.009,0.006,0.008,0.006,0.01,0.019,0.02,0.02,0.018,0.014,0.018,0.011,0.011,0.008,0.008,0.01,0.012,0.015,0.014,0.017,0.022,0.019,0.017,0.015,0.012,0.011,0.008,0.008,0.01,0.014,0.02,0.016,0.016,0.012,0.012,0.012,0.012,0.009,0.008,0.008,0.009,0.013,0.016,0.015,0.015,0.013,0.011,0.01,0.011,0.011,0.009,0.007,0.011,0.016,0.019,0.02,0.018,0.014,0.013,0.012,0.01,0.009,0.008,0.008,0.008,0.012,0.015,0.016,0.016,0.013,0.013,0.011,0.009,0.006,0.005,0.005,0.007,0.009,0.013
전라북도,김제,-,-,-,-,-,-,-,-,-,-,-,-,0.021,0.02,0.02,0.015,0.012,0.011,0.009,0.007,0.011,0.019,0.02,0.021,0.021,0.018,0.019,0.016,0.013,0.011,0.007,0.012,0.014,0.014,0.018,0.02,0.019,0.016,0.017,0.016,0.012,0.011,0.01,0.01,0.013,0.017,0.024,0.018,0.018,0.018,0.016,0.016,0.014,0.012,0.011,0.011,0.013,0.017,0.021,0.02,0.02,0.018,0.014,0.012,0.011,0.011,0.01,0.008,0.011,0.018,0.021,0.022,0.021,0.015,0.017,0.014,0.011,0.011,0.009,0.009,0.011,0.016,0.02,0.02,0.021,0.018,0.017,0.013,0.008,0.007,0.006,0.005,0.008,0.013,0.017
전라북도,완주,-,-,-,-,-,-,-,-,-,-,-,-,-,-,-,-,-,-,-,-,-,-,-,-,-,-,-,-,-,-,-,-,-,-,-,-,-,0.011,0.012,0.01,0.008,0.008,0.006,0.005,0.006,0.009,0.015*,0.012*,0.013,0.013,0.013,0.012,0.011,0.008,0.007**,0.006,0.006,0.009,0.012,0.012,0.015,0.013,0.013,0.013,0.01,0.009,0.007,0.007,0.007,0.01,0.012,0.014,0.013,0.012,0.012,0.01,0.008,0.007,0.006,0.006,0.006,0.008,0.01,0.011,0.014,0.011,0.011,0.009,0.008,0.006,0.006,0.005,0.005,0.007,0.01
전라북도,진안,-,-,-,-,-,-,-,-,-,-,-,-,-,-,-,-,-,-,-,-,-,-,-,-,-,-,-,-,-,-,-,-,-,-,-,-,-,0.015,0.011,0.009,0.008,0.008,0.006,0.006,0.005,0.008,0.016,0.014,0.017,0.014,0.014,0.011,0.01,0.007,0.005,0.005,0.005,0.007,0.013,0.014,0.013,0.011,0.011,0.01,0.007,0.007,0.005,0.005,0.005,0.007,0.013,0.015,0.013,0.012,0.011,0.008,0.006,0.007,0.005,0.005,0.005,0.007,0.012,0.013,0.015,0.012,0.012,0.01,0.007,0.005,0.004,0.004,0.004,0.006,0.011
전라북도,무주,-,-,-,-,-,-,-,-,-,-,-,-,-,-,-,-,-,-,-,-,-,-,-,-,-,-,-,-,-,-,-,-,-,-,-,-,-,-,-,-,-,-,-,0.005,0.006,0.007,0.013,0.014,0.015,0.013,0.01,0.007,0.006,0.005,0.004,0.004,0.004,0.007,0.011,0.013,0.013,0.01,0.009,0.007,0.005,0.004,0.004,0.004,0.004,0.007,0.01,0.013,0.012,0.01,0.01,0.007,0.006,0.004,0.004,0.003,0.004,0.006,0.009,0.011,0.013,0.01,0.009,0.007,0.005,0.003,0.003,0.003,0.004,0.006,0.008
전라북도,순창,-,-,-,-,-,-,-,-,-,-,-,-,-,-,-,-,-,-,-,-,-,-,-,-,-,-,-,-,-,-,-,-,-,-,-,-,-,-,-,-,-,-,-,-,-,-,0.014,0.014,0.015,0.012,0.011,0.009,0.007,0.005,0.005,0.005,0.005,0.008,0.011,0.012,0.012,0.01,0.008,0.007,0.006,0.005,0.005,0.004,0.006,0.009,0.011,0.013,0.014,0.012,0.01,0.008,0.005,0.005,0.004,0.004,0.004,0.007,0.012,0.013,0.013,0.01,0.009,0.007,0.006,0.004,0.004,0.004,0.004,0.008,0.011
전라북도,장수,-,-,-,-,-,-,-,-,-,-,-,-,-,-,-,-,-,-,-,-,-,-,-,-,-,-,-,-,-,-,-,-,-,-,-,-,-,-,-,-,-,-,-,-,-,-,-,0.007,0.01,0.009,0.008,0.008,0.007,0.005,0.003,0.003,0.003,-,0.007,0.007,0.008,0.008,0.007,0.007,0.006,0.005,0.005,0.004,0.005,0.007,0.008,0.01,0.009,0.008,0.008,0.007,0.006,0.005,0.004,0.004,0.004,0.006,0.008,0.008,0.01,0.009,0.009,0.008,0.006,0.004,0.003,0.003,0.003,0.005,0.007
전라북도,도평균,0.022,0.018,0.019,0.015,0.013,0.011,0.009,0.01,0.012,0.017,0.019,0.023,0.021,0.018,0.019,0.016,0.013,0.012,0.01,0.011,0.012,0.017,0.021,0.021,0.02,0.018,0.019,0.015,0.013,0.011,0.009,0.01,0.013,0.015,0.018,0.018,0.019,0.018,0.016,0.014,0.011,0.01,0.008,0.007,0.009,0.013,0.019,0.017,0.018,0.015,0.014,0.013,0.012,0.009,0.007,0.008,0.009,0.012,0.016,0.016,0.016,0.014,0.012,0.01,0.009,0.008,0.007,0.006,0.008,0.012,0.014,0.016,0.016,0.013,0.013,0.011,0.008,0.008,0.006,0.007,0.007,0.011,0.014,0.015,0.016,0.013,0.012,0.01,0.008,0.006,0.006,0.005,0.007,0.01,0.014
전라남도,화순,-,-,-,-,-,-,-,-,-,-,-,-,-,-,-,-,-,-,-,-,-,-,-,-,-,-,-,-,-,-,-,-,-,-,-,-,-,-,-,-,-,-,-,-,-,-,-,-,-,-,0.017,0.014,0.011,0.009,0.007,0.007,0.007,0.011,0.015,0.017,0.016,0.014,0.011,0.01,0.008,0.007,0.006,0.005,0.006,0.009,0.012,0.017*,0.016*,0.015,0.012,0.01,0.008,0.007,0.006,0.007,0.006,0.009,0.014,0.013,0.014,0.011,0.011,0.009,0.008,0.006,0.005,0.005,0.006,0.008,0.014
전라남도,여수,0.021,0.019,0.021,0.019,0.021,0.016,0.012,0.015,0.014,0.018,0.019,0.021,0.019,0.018,0.023,0.022,0.021,0.015,0.012,0.016,0.015,0.019,0.022,0.023,0.021,0.019,0.023,0.02,0.017,0.016,0.012,0.012,0.015,0.015,0.023,0.022,0.021,0.023,0.019,0.016,0.015,0.016,0.009,0.009,0.012,0.016,0.022,0.016,0.016,0.018,0.014,0.014,0.014,0.011,0.008,0.009,0.01,0.012,0.017,0.018,0.017,0.016,0.014,0.012,0.012,0.011,0.009,0.007,0.01,0.014,0.016,0.017,0.015,0.015,0.014,0.011,0.01,0.01,0.007,0.007,0.008,0.013,0.015,0.015,0.016,0.012,0.014,0.012,0.011,0.007,0.008,0.007,0.009,0.011,0.017
전라남도,광양,0.016,0.014,0.018,0.014,0.015,0.014,0.011,0.01,0.01,0.015,0.014,0.016,0.013,0.013,0.017,0.017,0.017,0.014,0.013,0.011,0.009,0.01,0.013,0.015,0.013,0.014,0.017,0.017,0.015,0.015,0.013,0.01,0.012,0.012,0.019,0.016,0.016,0.018*,0.017*,0.016*,0.014,0.015,0.01,0.01,0.008,0.011*,0.017*,0.013*,0.015*,0.016,0.015,0.015,0.015,0.014,0.011,0.009,0.009,0.01,0.014,0.017,0.014,0.014,0.013,0.011,0.011,0.013,0.011,0.01,0.008,0.01,0.013,0.015,0.014,0.013,0.013,0.011,0.01*,0.013*,0.01*,0.009*,0.008*,0.011*,0.015*,0.015*,0.016,0.011,0.014,0.012,0.011,0.009,0.008,0.007,0.006,0.008,0.013
전라남도,순천,0.016,0.014,0.017,0.014,0.011,0.012,0.009,0.009,0.013,0.016,0.016,0.016,0.013,0.013,0.015,0.016,0.016,0.01,0.009,0.009,0.01,0.016,0.02,0.018,0.015,0.015,0.018,0.015,0.012,0.012,0.009,0.01,0.01,0.010*,0.012*,0.011*,0.012,0.014,0.014,0.011,0.01,0.01,0.008,0.008,0.008*,0.011,0.02,0.015,0.013,0.016,0.013,0.012,0.011,0.01,0.007,0.009,0.009,0.011,0.015,0.017,0.014,0.014,0.011,0.009,0.009,0.008,0.008,0.006,0.009,0.012*,0.016*,0.014,0.016,0.015,0.014,0.011,0.008,0.008,0.007,0.006,0.007,0.009,0.013,0.013,0.012,0.01,0.011,0.008,0.007,0.005,0.006,0.005,0.006,0.008,0.015
전라남도,목포,0.019,0.018,0.02,0.019,0.017,0.016,0.012*,0.012,0.013,0.015,0.019,0.021,0.017,0.016,0.018,0.014,0.013,0.01,0.01,0.012,0.012**,0.013**,0.018,0.018,0.017,0.016,0.016,0.012,0.012,0.01,0.008,0.008,0.01,0.012,0.017,0.018,0.016,0.015,0.013,0.01,0.007,0.006,0.004,0.005,0.008,0.01,0.019,0.015,0.014,0.011,0.013,0.01,0.01,0.007,0.006,0.006,0.007,0.01,0.013,0.016,0.014,0.013,0.011,0.008,0.007,0.006,0.006,0.004,0.007,0.01,0.013,0.016,0.015,0.012,0.01,0.008**,0.006,0.006,0.005,0.005,0.006,0.009,0.015,0.015,0.013,0.012,0.012,0.009,0.007,0.005,0.005,0.005,0.007,0.009,0.016
전라남도,영암,0.017,0.015,0.016,0.014,0.013,0.011,0.009,0.01,0.013,0.015,0.017,0.019,0.017,0.015,0.016,0.015,0.013,0.01,0.008,0.009,0.01,0.013,0.017,0.015,0.014,0.012,0.014,0.011,0.008,0.004,0.003,0.005,0.008,0.01,0.015,0.013,0.012,0.011,0.011,0.009,0.008,0.006,0.006,0.006,0.012,0.015,0.021,0.017,0.017,0.013,0.015,0.013,0.012,0.01,0.007,0.009,0.013,0.012,0.013,0.015,0.013,0.012,0.011,0.01,0.007,0.007,0.006,0.005,0.008,0.011,0.014,0.017,0.015,0.014,0.013**,0.011**,0.007,0.006,0.004,0.004,0.004,0.008,0.011,0.012,0.013,0.01,0.008,0.006,0.006,0.003,0.003,0.003,0.004,0.007,0.01
전라남도,나주,-,-,-,-,-,-,-,-,-,-,-,-,-,-,-,-,-,-,-,-,-,-,-,-,-,-,-,-,-,-,-,-,-,-,-,-,0.016,0.016,0.011,0.009,0.008,0.008,0.007,0.006,0.009,0.013,0.021,0.02,0.018,0.015,0.013,0.012,0.01,0.008,0.006,0.006,0.006,0.007,0.013,0.018,0.017,0.013,0.011,0.008,0.007,0.007,0.005,0.004,0.008,0.012,0.013,0.017,0.016,0.014,0.011,0.01,0.009,0.009,0.007,0.007,0.008,0.01,0.015,0.015,0.014,0.012,0.009,0.008,0.007,0.005,0.006,0.006,0.008,0.009,0.013
전라남도,담양,-,-,-,-,-,-,-,-,-,-,-,-,-,-,-,-,-,-,-,-,-,-,-,-,-,-,-,-,-,-,-,-,-,-,-,-,0.012,0.013,0.01,0.008,0.006,0.006,0.006,0.006,0.007,0.007,0.012,0.012,0.009,0.011,0.01,0.008,0.007,0.005,0.006,0.006,0.006,0.006,0.011,0.012,0.011,0.011,0.009,0.008,0.006,0.006,0.006,0.004,0.007,0.01,0.011,0.013,0.013,0.011,0.01,0.009,0.007,0.007,0.006,0.005,0.005,0.008,0.012,0.012,0.011,0.01,0.009,0.008,0.007,0.005,0.005,0.005,0.005,0.008,0.011
전라남도,장성,-,-,-,-,-,-,-,-,-,-,-,-,-,-,-,-,-,-,-,-,-,-,-,-,-,-,-,-,-,-,-,-,-,-,-,-,0.014,0.018,0.014,0.012,0.01,0.009,0.008,0.008,0.01,0.014,0.02,0.017,0.019,0.017,0.016,0.014,0.013,0.01,0.009,0.009,0.007,0.013,0.015,0.016,0.017,0.014,0.012,0.011,0.009,0.008,0.004,0.006,0.01,0.013,0.014,0.016,0.017,0.016,0.013,0.012,0.009**,0.008*,0.008,0.008,0.009,0.011,0.015,0.015,0.016,0.014,0.013,0.011,0.01,0.008,0.006,0.007,0.008,0.01,0.015
전라남도,해남,-,-,-,-,-,-,-,-,-,-,-,-,-,-,-,-,-,-,-,-,-,-,-,-,-,-,-,-,-,-,-,-,-,-,-,-,-,-,-,-,0.01,0.011,0.008,0.008,0.01,0.013,0.019,0.016,0.013,0.013,0.014,0.011,0.011,0.008,0.006,0.007,0.007,0.009,0.011,0.014,0.012,0.011,0.01,0.01,0.007,0.007,0.006,0.005,0.008,0.009,0.01,0.014,0.012,0.011,0.011,0.009,0.008,0.006,0.006,0.006,0.007,0.008,0.01,0.011,0.008,0.008,0.008,0.007,0.006,0.003,0.003,0.003,0.005,0.006,0.009
전라남도,영광,-,-,-,-,-,-,-,-,-,-,-,-,-,-,-,-,-,-,-,-,-,-,-,-,-,-,-,-,-,-,-,-,-,-,-,-,-,-,-,-,-,-,-,-,-,-,0.017,0.015,0.016,0.013,0.012,0.01,0.007,0.004,0.004,0.006,0.007,0.009,0.012,0.013,0.013,0.01,0.008,0.008,0.007,0.006,0.007,0.009,0.01,0.014,0.01,0.013,0.012,0.011,0.01,0.01,0.007,0.005,0.004,0.004,0.005,0.008,0.011,0.011,0.011,0.009,0.009,0.007,0.006,0.004,0.004,0.004,0.005,0.007,0.011
전라남도,장흥,-,-,-,-,-,-,-,-,-,-,-,-,-,-,-,-,-,-,-,-,-,-,-,-,-,-,-,-,-,-,-,-,-,-,-,-,-,-,-,-,-,-,-,-,-,-,-,-,0.011,0.008,0.008,0.008,0.006,0.005,0.004,0.004,0.006,0.008,0.011,0.012,0.01,0.009,0.009,0.008,0.006,0.006,0.006,0.004,0.007,0.009,0.01,0.012,0.011,0.01,0.011,0.009,0.007,0.006,0.004,0.005,0.006,0.006,0.009,0.009,0.009,0.007,0.008,0.006,0.006,0.004,0.004,0.005,0.006,0.007,0.011
전라남도,진도,-,-,-,-,-,-,-,-,-,-,-,-,-,-,-,-,-,-,-,-,-,-,-,-,-,-,-,-,-,-,-,-,-,-,-,-,-,-,-,-,-,-,-,-,-,-,-,-,-,0.006,0.01,0.007,0.006,0.004,0.003,0.003,0.003,0.005,0.006,0.006,0.006,0.006,0.006,0.005,0.004,0.003,0.003,0.002,0.004,0.005,0.005,0.007,0.007,0.007,0.007,0.005,0.004,0.003,0.003,0.003,0.003,0.004,0.007,0.008,0.007,0.007,0.006,0.005,0.005,0.003,0.003,0.002,0.004,0.005,0.007
전라남도,완도,-,-,-,-,-,-,-,-,-,-,-,-,-,-,-,-,-,-,-,-,-,-,-,-,-,-,-,-,-,-,-,-,-,-,-,-,-,-,-,-,-,-,-,-,-,-,-,-,-,0.007,0.008,0.006,0.006,0.005,0.004,0.004,0.004,0.005,0.006,0.006,0.007,0.006,0.005,0.005,0.005,0.005,0.005,0.004,0.005,0.006,0.007,0.007,0.006,0.006,0.005,0.004,0.004,0.004,0.003,0.003,0.003,0.004,0.006,0.006,0.006,0.006,0.007,0.006,0.005,0.004,0.004,0.004,0.004,0.004,0.006
전라남도,함평,-,-,-,-,-,-,-,-,-,-,-,-,-,-,-,-,-,-,-,-,-,-,-,-,-,-,-,-,-,-,-,-,-,-,-,-,-,-,-,-,-,-,-,-,-,-,-,-,-,0.013,0.013,0.01,0.009,0.006,0.005,0.005,0.005,0.008,0.01,0.012,0.011,0.009,0.008,0.007,0.006,0.005,0.004,0.003,0.005,0.008,0.012,0.011,0.009,0.01,0.009,0.007,0.005,0.005,0.005,0.004,0.004,0.006,0.009,0.011,0.011,0.009,0.008,0.007,0.006,0.004*,0.003,0.004,0.007,0.008,0.012
전라남도,고흥,-,-,-,-,-,-,-,-,-,-,-,-,-,-,-,-,-,-,-,-,-,-,-,-,-,-,-,-,-,-,-,-,-,-,-,-,-,-,-,-,-,-,-,-,-,-,-,-,-,-,0.007,0.007,0.006,0.004,0.003,0.003,0.006,0.008,0.01,0.011,0.01,0.009,0.007,0.006,0.004,0.004,0.004,0.003,0.006,0.007,0.008,0.01,0.009,0.008,0.007,0.005,0.004,0.004,0.004,0.005,0.006,0.004,0.013,0.012,0.009,0.007,0.007,0.006,0.005,0.005,0.004,0.005,0.005,0.006,0.009
전라남도,신안,-,-,-,-,-,-,-,-,-,-,-,-,-,-,-,-,-,-,-,-,-,-,-,-,-,-,-,-,-,-,-,-,-,-,-,-,-,-,-,-,-,-,-,-,-,-,-,-,-,-,0.006,0.005,0.005,0.004,0.004,0.005,0.005,0.006,0.007,0.006,0.006,0.005,0.004,0.004,0.003,0.003,0.003,0.003,0.005,0.006,0.006,0.007,0.006,0.006,0.007,0.005,0.003,0.003,0.003,0.003,0.003,0.004,0.005,0.006,0.005,0.004,0.004,0.004,0.003,0.003,0.003,0.002,0.003,0.004,0.005
전라남도,무안,-,-,-,-,-,-,-,-,-,-,-,-,-,-,-,-,-,-,-,-,-,-,-,-,-,-,-,-,-,-,-,-,-,-,-,-,-,-,-,-,-,-,-,-,-,-,-,-,-,-,0.012,0.01,0.009,0.006,0.005,0.004,0.005,0.006,0.008,0.009,0.009,0.008,0.007,0.006,0.005,0.004,0.003,0.003,0.005,0.007,0.008,0.01,0.01,0.009,0.008,0.007,0.005,0.005,0.004,0.004,0.004,0.006,0.009,0.011,0.01,0.008,0.007,0.006,0.004,0.003,0.002,0.003,0.004,0.006,0.009
전라남도,강진,-,-,-,-,-,-,-,-,-,-,-,-,-,-,-,-,-,-,-,-,-,-,-,-,-,-,-,-,-,-,-,-,-,-,-,-,-,-,-,-,-,-,-,-,-,-,-,-,-,-,-,-,-,0.005,0.004,0.004,0.005,0.006,0.009,0.011,0.01,0.008,0.007,0.006,0.005,0.005,0.004*,0.003,0.004,0.007,0.008*,0.011,0.01,0.01,0.009,0.007,0.006,0.004,0.004,0.003,0.004,0.006,0.008,0.01,0.009,0.008,0.008,0.006,0.005,0.004,0.003,0.003,0.005**,-,0.010*
전라남도,곡성,-,-,-,-,-,-,-,-,-,-,-,-,-,-,-,-,-,-,-,-,-,-,-,-,-,-,-,-,-,-,-,-,-,-,-,-,-,-,-,-,-,-,-,-,-,-,-,-,-,-,-,-,-,-,-,-,0.004,0.005,0.009*,0.010*,0.01,0.009,0.008,0.007,0.005,0.004,0.004,0.003,0.004,0.007,0.011,0.012,0.011,0.01,0.009,0.007,0.005,0.004,0.004,0.004,0.004,0.006,0.01,0.011,0.01,0.008,0.008,0.006,0.006,0.005,0.004,0.003,0.004,0.005,0.009
전라남도,구례,-,-,-,-,-,-,-,-,-,-,-,-,-,-,-,-,-,-,-,-,-,-,-,-,-,-,-,-,-,-,-,-,-,-,-,-,-,-,-,-,-,-,-,-,-,-,-,-,-,-,-,-,-,-,0.006,0.006,0.006,0.007,0.012,0.014,0.013,0.01,0.01,0.009,0.007,0.007,0.006,0.005,0.006,0.008,0.011,0.013,0.012,0.013,0.011,0.008,0.007,0.006,0.004,0.004,0.004,0.006,0.008,0.01,0.012,0.008,0.008,0.006,0.007,0.005,0.005,0.004,0.004,0.006,0.009
전라남도,보성,-,-,-,-,-,-,-,-,-,-,-,-,-,-,-,-,-,-,-,-,-,-,-,-,-,-,-,-,-,-,-,-,-,-,-,-,-,-,-,-,-,-,-,-,-,-,-,-,-,-,-,-,-,-,-,-,0.006,0.006,0.01,0.011,0.011,0.01,0.008,0.006,0.005,0.005,0.005,0.003,0.005,0.007,0.009,0.010*,0.01,0.011,0.008,0.006,0.005,0.005,0.004,0.004,0.005,0.006,0.009,0.01,0.009,0.008,0.009,0.007,0.006,0.004,0.004,0.004,0.005,0.006,0.01
전라남도,도평균,0.018,0.016,0.019,0.016,0.016,0.014,0.011,0.012,0.013,0.016,0.017,0.018,0.016,0.015,0.018,0.018,0.017,0.013,0.011,0.012,0.012,0.015,0.019,0.019,0.016,0.016,0.019,0.016,0.014,0.013,0.01,0.01,0.012,0.012,0.018,0.017,0.016,0.017,0.015,0.013,0.011,0.011,0.008,0.008,0.01,0.013,0.02,0.016,0.015,0.015,0.013,0.012,0.011,0.009,0.007,0.007,0.008,0.009,0.013,0.015,0.013,0.012,0.01,0.009,0.008,0.008,0.007,0.006,0.008,0.01,0.013,0.014,0.013,0.013,0.011,0.009,0.007,0.007,0.006,0.006,0.006,0.009,0.012,0.012,0.012,0.01,0.011,0.009,0.008,0.006,0.005,0.005,0.006,0.008,0.013
경상북도,영덕,-,-,-,-,-,-,-,-,-,-,-,-,-,-,-,-,-,-,-,-,-,-,-,-,-,-,-,-,-,-,-,-,-,-,-,-,-,-,-,-,-,-,-,-,-,-,-,-,-,-,-,-,-,-,-,-,-,-,-,0.008**,0.008,0.007,0.006,0.005,0.004,0.005,0.003,0.004,0.003,0.004,0.007,0.008*,0.007,0.007,0.006,0.005,0.005,0.004,0.003,0.003,0.003,0.004,0.006,0.007,0.009,0.007,0.007,0.005,0.005,0.005,0.004**,0.004,0.003,0.004,0.006
경상북도,영천,-,-,-,-,-,-,-,-,-,-,-,-,-,-,-,-,-,-,-,-,-,-,-,-,-,-,-,-,-,-,-,-,-,-,-,-,-,-,-,-,-,-,-,-,-,-,-,-,0.02,0.02,0.018,0.014,0.014,0.011,0.01,0.01,0.01,0.012,0.019,0.022,0.02,0.016,0.012,0.009,0.008,0.009,0.008,0.007,0.008,0.013,0.02,0.02,0.019,0.016,0.014,0.012,0.011,0.009,0.008,0.008,0.01,0.011,0.016,0.017,0.018,0.014,0.013,0.01,0.01,0.007,0.007,0.007,0.007,0.013,0.019
경상북도,의성,-,-,-,-,-,-,-,-,-,-,-,-,-,-,-,-,-,-,-,-,-,-,-,-,-,-,-,-,-,-,-,-,-,-,-,-,-,-,-,-,-,-,-,-,-,-,-,-,-,-,-,-,-,-,-,-,-,-,-,-,0.011**,0.014,0.011,0.008,0.007,0.007,0.005,0.005,0.006,0.01,0.015,0.017,0.017,0.013,0.011,0.007,0.006,0.005,0.005,0.005,0.005,0.008,0.012,0.014,0.014,0.011,0.008,0.007,0.006,0.005,0.004,0.005,0.004,0.006,0.01
경상북도,울릉도,-,-,-,-,-,-,-,-,-,-,-,-,-,-,-,-,-,-,-,-,-,-,-,-,-,-,-,-,-,-,-,-,-,-,-,-,-,-,-,-,-,-,-,-,-,-,-,-,-,-,-,-,-,-,0.006**,0.006,0.005,0.004,0.007*,0.007,0.006,0.006,0.005,0.005,0.005,0.004,0.004,0.006,0.006,0.007,0.007,0.008,0.007,0.007,0.007,0.006,0.007,0.006,0.006,0.005,0.005,0.006,0.007,0.007,0.008,0.006,0.006,0.006,0.005,0.004,0.005,0.005,0.005,0.006,0.006
경상북도,포항,0.02,0.019,0.02,0.017,0.015,0.015,0.013,0.014,0.015,0.016,0.019,0.018*,0.017,0.016,0.018,0.018,0.015,0.014,0.011,0.01,0.012,0.012,0.017,0.019,0.016,0.015,0.015,0.011,0.012,0.011,0.012,0.013*,0.014,0.014,0.018,0.018,0.017,0.016,0.016,0.014,0.014,0.013,0.011,0.01,0.012,0.014,0.019,0.018,0.018,0.017,0.016,0.016,0.019,0.015,0.009,0.011,0.011,0.011,0.016,0.018,0.017,0.016,0.015,0.012,0.011,0.012,0.011,0.01,0.012,0.014,0.016,0.016,0.016,0.014,0.015,0.013,0.012,0.011,0.01,0.011,0.011,0.013,0.016,0.016,0.015,0.012,0.014,0.012,0.011*,0.009*,0.009,0.009,0.009,0.011,0.015
경상북도,구미,0.025,0.025,0.027,0.016*,0.016*,0.013*,0.01*,0.011*,0.013*,0.019*,0.019*,0.021*,0.033*,0.031**,0.030*,0.021*,0.017*,0.015*,0.013*,0.012*,0.015,0.019,0.026,0.024,0.023,0.023,0.023,0.018,0.016,0.013,0.013,0.01,0.014,0.014,0.021,0.022,0.022,0.023,0.018,0.014,0.013,0.012,0.011,0.012,0.013,0.019,0.028,0.024,0.022,0.017,0.016,0.016,0.016,0.012,0.01,0.01,0.011,0.015,0.021,0.023,0.019,0.017,0.016,0.013,0.01,0.011,0.01,0.009,0.012,0.016,0.020*,0.022,0.021,0.019,0.017,0.013,0.012,0.012,0.01,0.009,0.009,0.013,0.02,0.019,0.02,0.015,0.016,0.011,0.01,0.007,0.007,0.007,0.009,0.012,0.021
경상북도,김천,0.019,0.018,0.017,0.016,0.013,0.012,0.011,0.01,0.014,0.019,0.016,0.019,0.018,0.014,0.018,0.015,0.012,0.01,0.007,0.007,0.008,0.01,0.012,0.01,0.011,0.018,0.019,0.016,0.015,0.012,0.009,0.007,0.010**,0.007**,0.011,0.01,0.01,0.012,0.011,0.007,0.006,0.006,0.004**,-,0.006*,0.01,0.018,0.017,0.013,0.017*,0.015,0.013,0.011,0.009,0.007,0.007,0.007,0.009,0.016,0.016,0.015,0.015,0.014,0.011,0.01,0.01,0.009,0.008,0.009,0.013,0.016,0.016,0.017,0.015,0.013,0.011,0.009,0.009,0.009,0.007,0.008,0.011,0.015,0.017,0.018,0.013,0.014,0.01,0.008,0.007,0.007*,0.007*,0.008*,0.009*,0.015
경상북도,경주,0.026,0.023,0.031,0.027,0.021,0.017,0.017,0.021*,0.011,0.018,0.018,0.026,0.025,0.021,0.023,0.018,0.017,0.012,0.01,0.007,0.011*,0.017**,0.017,0.013,0.018,0.013,0.015,0.01,0.009,0.015,0.016,0.012,0.015,0.016,0.024,0.022,0.022,0.023,0.02,0.016,0.016,0.015,0.013,0.012,0.014,0.017,0.027,0.024,0.022,0.023,0.019,0.017,0.017,0.013**,0.009,0.009,0.009,0.011,0.015,0.017,0.015,0.014,0.012,0.01,0.009,0.011,0.009,0.009,0.008,0.011,0.015,0.014,0.013,0.012,0.012,0.01,0.01,0.009,0.008,0.007,0.007,0.01,0.015,0.014,0.015,0.011,0.012,0.01,0.011*,0.008*,0.008,0.007,0.007,0.01,0.014
경상북도,안동,0.018,0.017,0.017,0.01,0.011,0.012,0.011,0.01,0.009,0.016,0.017,0.02,0.022,0.023,0.022,0.018,0.015,0.012,0.012,0.009,0.011,0.014,0.022,0.021,0.018,0.018,0.018,0.015,0.013,0.011,0.011,0.008,0.012,0.013,0.022,0.026,0.025,0.023,0.018,0.013,0.011,0.01,0.008,0.007,0.01,0.013,0.008**,-,-,0.017*,0.013,0.011,0.01,0.011,0.006,0.008,0.007,0.008,0.007,0.01,0.019*,0.017,0.011,0.011,0.008,0.008,0.005,0.008,0.007,0.012,0.016,0.02,0.017,0.015,0.011,0.008,0.007,0.007,0.005,0.006,0.005,0.008,0.013,0.017,0.019,0.011,0.009,0.008,0.006,0.006,0.007,0.008,0.007,0.009,0.014
경상북도,영주,0.024,0.022,0.027*,0.019,0.016,0.012,0.009,0.01,0.012,0.018,0.019,0.024,0.024,0.021,0.021,0.017,0.016,0.016,0.009,0.008,0.009,0.013,0.021,0.023,0.022,0.02,0.02,0.015,0.011,0.011,0.008,0.007,0.01,0.012,0.02,0.018,0.012,0.016,0.01,0.01,0.008,0.007,0.009,0.01,0.011,0.015,0.022,0.023,0.025,0.021,0.017,0.016,0.014,0.012,0.009,0.009,0.01,0.014,0.02,0.022**,0.021**,0.016,0.014,0.013,0.01,0.009,0.008,0.007,0.008,0.01,0.008,0.007,0.007,0.007,0.008,0.005,0.004,0.004,0.006,0.006,0.003,0.007,0.012,0.014,0.017,0.013,0.012,0.01,0.009,0.007,0.007,0.007,0.006,0.01,0.016
경상북도,경산,0.031,0.03,0.029,0.02,0.023,0.016,0.014,0.017,0.017,0.025,0.023,0.028,0.028,0.024,0.022,0.019,0.016,0.013,0.011,0.01,0.011,0.014,0.022,0.021,0.02,0.018,0.016,0.013,0.012,0.009,0.01,0.009,0.012,0.012,0.018,0.017,0.015,0.015,0.013,0.009,0.008,0.008,0.008,0.006,0.008,0.011,0.016,0.015,0.015,0.014,0.011,0.009,0.008,0.007,0.006,0.007,0.007,0.01,0.012,0.013,0.012*,0.011,0.008,0.007,0.006,0.006,0.006,0.005,0.006,0.01,0.011,0.013,0.011,0.01,0.008,0.006,0.006,0.006,0.006,0.006,0.006,0.009,0.012,0.012,0.012,0.01,0.01,0.008,0.007*,0.006,0.007,0.007,0.007,0.011,0.016
경상북도,상주,-,-,-,-,-,-,-,-,-,-,-,-,-,-,-,-,-,-,-,-,-,-,-,-,-,-,-,-,-,-,-,-,-,-,-,0.018**,0.016,0.019,0.012,0.01,0.009,0.008,0.006,0.008,0.009,0.012,0.019,0.018,0.017,0.015,0.014,0.011,0.01,0.009,0.009,0.007,0.009,0.011,0.017,0.018,0.018,0.014,0.012,0.008,0.008,0.008,0.007,0.007,0.008,0.011,0.015,0.014,0.014,0.014,0.012,0.009,0.007,0.007,0.008,0.007,0.008,0.011,0.015,0.014,0.013,0.012,0.014,0.009,0.007,0.006,0.005,0.006,0.008,0.01,0.016
경상북도,칠곡,-,-,-,-,-,-,-,-,-,-,-,-,-,-,-,-,-,-,-,-,-,-,-,-,-,-,-,-,-,-,-,-,-,-,-,0.024**,0.023,0.023,0.02,0.015,0.014,0.013,0.011,0.01,0.014,0.02,0.028,0.022,0.022,0.022,0.022,0.017,0.017,0.014,0.012,0.011,0.014,0.016,0.022,0.021,0.02,0.016,0.014,0.011,0.009,0.01,0.01,0.008,0.01,0.014,0.015,0.016,0.018,0.016,0.019,0.018,0.015,0.014,0.011,0.011,0.011,0.015,0.019,0.019,0.019,0.017,0.019,0.013,0.014,0.009,0.01,0.01,0.012,0.014,0.023
경상북도,울진,-,-,-,-,-,-,-,-,-,-,-,-,-,-,-,-,-,-,-,-,-,-,-,-,-,-,-,-,-,-,-,-,-,-,-,-,-,-,-,-,-,-,-,-,-,-,-,-,-,0.011*,0.01,0.007,0.007,0.007,0.006,0.006,0.006,0.007,0.009,0.011,0.011,0.01,0.007,0.007,0.005,0.005,0.005,0.005,0.005,0.007,0.01,0.012,0.01,0.009,0.008,0.006,0.005,0.004,0.004,0.004,0.004,0.006,0.009,0.009,0.011,0.009,0.009,0.006,0.005,0.004,0.005,0.005,0.005,0.006,0.009
경상북도,봉화,-,-,-,-,-,-,-,-,-,-,-,-,-,-,-,-,-,-,-,-,-,-,-,-,-,-,-,-,-,-,-,-,-,-,-,-,-,-,-,-,-,-,-,-,-,-,-,-,-,-,-,-,0.008,0.005,0.005,0.004,0.003,0.005,0.007,0.011,0.009,0.009,0.008,0.008,0.005,0.007,0.004,0.005,0.005,0.006,0.01,0.013,0.009,0.01,0.009*,0.009*,0.007,0.005,0.004,0.004,0.004,0.005,0.009,0.011,0.013,0.01,0.009,0.008,0.007,0.004,0.004,0.004,0.004,0.005,0.009*
경상북도,고령,-,-,-,-,-,-,-,-,-,-,-,-,-,-,-,-,-,-,-,-,-,-,-,-,-,-,-,-,-,-,-,-,-,-,-,-,-,-,-,-,-,-,-,-,-,-,-,-,-,-,-,-,-,-,-,-,-,0.008,0.01,0.013,0.013,0.01,0.009,0.008,0.006,0.007,0.006,0.005,0.005,0.008,0.01,0.009,0.009,0.006,0.006,0.004**,0.005,0.005,0.003,0.003,0.004,0.005,0.008*,0.008,0.008,0.007,0.008,0.007,0.006,0.005,0.005,0.004,0.004,0.006,0.009
경상북도,군위,-,-,-,-,-,-,-,-,-,-,-,-,-,-,-,-,-,-,-,-,-,-,-,-,-,-,-,-,-,-,-,-,-,-,-,-,-,-,-,-,-,-,-,-,-,-,-,-,-,-,-,-,-,-,-,-,-,-,-,-,0.010**,0.01,0.008,0.007,0.005,0.006,0.004,0.004,0.004,0.006,0.01,0.011,0.011,0.009,0.007,0.005,0.005,0.005,0.004,0.004,0.005,0.004,0.007,0.007,0.01,0.008,0.007,0.004,0.005,0.004,0.003,0.003*,0.002,0.004,0.008
경상북도,성주,-,-,-,-,-,-,-,-,-,-,-,-,-,-,-,-,-,-,-,-,-,-,-,-,-,-,-,-,-,-,-,-,-,-,-,-,-,-,-,-,-,-,-,-,-,-,-,-,-,-,-,-,-,-,-,-,-,-,-,-,-,-,0.017,0.015,0.013,0.013,0.01,0.009,0.013,0.018,0.021,0.02,0.018,0.016,0.014,0.012,0.009,0.012,0.009,0.006,0.009,0.014,0.019,0.015,0.019,0.016,0.017,0.011,0.01,0.006,0.009,0.008,0.011,0.015,0.02
경상북도,예천,-,-,-,-,-,-,-,-,-,-,-,-,-,-,-,-,-,-,-,-,-,-,-,-,-,-,-,-,-,-,-,-,-,-,-,-,-,-,-,-,-,-,-,-,-,-,-,-,-,-,-,-,-,-,-,-,-,-,-,-,-,-,0.007,0.007,0.005,0.005,0.005,0.005,0.006,0.009,0.012,0.014,0.012,0.011,0.009,0.006,0.006,0.005,0.004,0.004,0.005,0.007,0.011,0.012,0.013,0.01,0.009,0.007,0.005,0.004,0.004,0.004,0.004,0.006,0.011
경상북도,청도,-,-,-,-,-,-,-,-,-,-,-,-,-,-,-,-,-,-,-,-,-,-,-,-,-,-,-,-,-,-,-,-,-,-,-,-,-,-,-,-,-,-,-,-,-,-,-,-,-,-,-,-,-,-,-,-,-,-,-,-,-,0.011,0.009,0.008,0.008,0.012,0.008,0.005,0.006,0.009,0.011,0.012,0.011,0.011,0.009,0.009,0.008,0.008,0.006,0.006,0.006,0.008,0.011,0.012,0.013,0.009,0.009,0.009,0.008,0.006,0.007,0.006,0.006,0.008,0.011
경상북도,청송,-,-,-,-,-,-,-,-,-,-,-,-,-,-,-,-,-,-,-,-,-,-,-,-,-,-,-,-,-,-,-,-,-,-,-,-,-,-,-,-,-,-,-,-,-,-,-,-,-,-,-,-,-,-,-,-,-,-,-,-,-,-,0.005**,0.005,0.004,0.005,0.003,0.004,0.004,0.006,0.01,0.012,0.009,0.009,0.006,0.005,0.005,0.004,0.003,0.003,0.004,0.005,0.008,0.008,0.009,0.007,0.005,0.005,0.005,0.004,0.004,0.004,0.003,0.004,0.007
경상북도,영양,-,-,-,-,-,-,-,-,-,-,-,-,-,-,-,-,-,-,-,-,-,-,-,-,-,-,-,-,-,-,-,-,-,-,-,-,-,-,-,-,-,-,-,-,-,-,-,-,-,-,-,-,-,-,-,-,-,-,-,-,-,-,0.006,0.006,0.004,0.004,0.003,0.004,0.004,0.006,0.009,0.012,0.009,0.008,0.006,0.006,0.004,0.003,0.003,0.003,0.003,0.004,0.007,0.009,0.01,0.008,0.006,0.004,0.004,0.003,0.003,0.003,0.003,0.005,0.007
경상북도,문경,-,-,-,-,-,-,-,-,-,-,-,-,-,-,-,-,-,-,-,-,-,-,-,-,-,-,-,-,-,-,-,-,-,-,-,-,-,-,-,-,-,-,-,-,-,-,-,-,-,-,-,-,-,-,-,-,-,-,-,-,-,0.019*,0.016,0.011,0.008,0.009,0.007,0.008,0.011,0.017,0.021,0.022,0.02,0.018,0.016,0.011,0.01,0.008,0.007,0.008,0.008,0.014,0.019,0.02,0.019,0.016,0.015,0.01,0.01,0.007,0.005,0.007,0.008,0.012,0.019
경상북도,도평균,0.023,0.022,0.023,0.017,0.016,0.014,0.012,0.013,0.014,0.018,0.019,0.022,0.023,0.02,0.022,0.018,0.015,0.014,0.011,0.01,0.012,0.015,0.02,0.02,0.019,0.018,0.018,0.014,0.013,0.012,0.012,0.01,0.013,0.014,0.019,0.019,0.018,0.019,0.016,0.013,0.012,0.011,0.01,0.01,0.012,0.015,0.022,0.02,0.02,0.017,0.016,0.014,0.014,0.011,0.009,0.009,0.009,0.011,0.016,0.017,0.016,0.014,0.012,0.01,0.008,0.009,0.008,0.007,0.009,0.012,0.014,0.015,0.014,0.013,0.012,0.01,0.009,0.008,0.007,0.007,0.007,0.01,0.014,0.014,0.015,0.011,0.012,0.009,0.008,0.007,0.007,0.007,0.007,0.009,0.014
경상남도,창원,0.025,0.024,0.024,0.02,0.021,0.018,0.015,0.015,0.016,0.025,0.023,0.026,0.025,0.022,0.024,0.021,0.02,0.017,0.017,0.016,0.017,0.019,0.027,0.027,0.025,0.023,0.025,0.021,0.02,0.018,0.015,0.014,0.019,0.017,0.027,0.027,0.025,0.025,0.021,0.019,0.017,0.017,0.014,0.013,0.013,0.02,0.031,0.025,0.025,0.023,0.021,0.019,0.02,0.017,0.014,0.014,0.015,0.017,0.025,0.028,0.023,0.022,0.017,0.015,0.013,0.013,0.014,0.011,0.013,0.018,0.022,0.024,0.022,0.019,0.017,0.015,0.013,0.014,0.011*,0.010*,0.011,0.016,0.024,0.024,0.025,0.018,0.02,0.016,0.014,0.01,0.012,0.011,0.012,0.015,0.024
경상남도,진주,0.028,0.024,0.024,0.017,0.018,0.015,0.014,0.013,0.013,0.022,0.018,0.02,0.025,0.024,0.022,0.019,0.016,0.014,0.012,0.013,0.011,0.013,0.022,0.023,0.02,0.017,0.019,0.016,0.019,0.015,0.012,0.011,0.011,0.011,0.019,0.02,0.018,0.019,0.016,0.014,0.011,0.012,0.011,0.009,0.009,0.013,0.02,0.016,0.019,0.016,0.017,0.012,0.013,0.012,0.011,0.012,0.01,0.012,0.017,0.02,0.017,0.016,0.012,0.012,0.011,0.011,0.01,0.009,0.009,0.013*,0.017*,0.02,0.018,0.018,0.014,0.013*,0.012*,0.011*,0.008**,0.007*,0.008,0.012,0.019,0.019,0.021,0.016,0.016,0.012,0.011,0.009,0.009*,0.010*,0.007*,0.012,0.02
경상남도,하동,0.012,0.009,0.012,0.011,0.01,0.009,0.007,0.006,0.007,0.01,0.008,0.011,0.01,0.011,0.014,0.012,0.011,0.01,0.008,0.007,0.006,0.006,0.011,0.014,0.013,0.012,0.014,0.012,0.012,0.01,0.009,0.006,0.006,0.008,0.011,0.012,0.011,0.014,0.013,0.012,0.01,0.009,0.008,0.006,0.006,0.007,0.011,0.01,0.009,0.008,0.006,0.009,0.007,0.006,-,-,-,0.006,0.011,0.012,0.011,0.01,0.009*,0.008,0.008,0.009,0.008,0.008,0.006,0.007,0.011,0.013,0.012,0.01,0.01,0.009,0.009,0.01,0.006,0.005,0.005,0.007,0.01,0.011,0.012,0.01,0.013,0.011,0.011,0.008,0.007,0.007,0.006,0.007,0.011
경상남도,김해,0.019,0.018,0.019,0.016,0.018,0.015,0.015,0.014,0.017,0.024,0.023,0.026,0.024,0.021,0.026,0.024,0.021,0.021,0.016,0.014,0.018,0.018,0.028,0.026,0.023,0.021,0.022,0.019,0.021,0.017,0.015,0.012,0.016,0.015,0.026,0.022,0.022,0.026,0.023,0.022,0.021,0.021,0.018,0.015,0.016,0.019,0.029,0.024,0.022,0.02,0.019,0.019,0.02,0.016,0.012,0.012,0.014,0.015,0.023,0.026,0.021,0.023,0.018,0.013,0.011,0.013,0.012,0.01,0.013,0.019*,0.022,0.023,0.023,0.021,0.019,0.017,0.015,0.016,0.011,0.011,0.011,0.016,0.025,0.025,0.024,0.017,0.02,0.018,0.015,0.011,0.013,0.011,0.013,0.015,0.023
경상남도,양산,0.023,0.019,0.019,0.017,0.018,0.016,0.015,0.017,0.019**,0.023,0.02,0.02,0.025,0.026,0.029,0.026,0.023,0.019,0.016,0.016,0.018,0.021,0.026,0.028,0.026,0.024,0.026,0.022,0.025,0.02,0.017,0.015,0.02,0.018,0.031,0.026,0.025,0.023,0.021,0.02,0.018,0.02,0.017,0.014,0.015,0.021,0.03,0.026,0.026,0.022,0.022,0.021,0.021,0.017,0.015,0.014,0.014,0.017,0.024,0.026,0.022,0.022,0.018,0.015,0.015,0.015,0.015,0.012,0.014,0.019,0.024,0.024,0.019,0.019,0.017,0.016,0.015,0.015,0.011*,0.010*,0.011,0.015,0.022,0.022,0.023,0.017,0.019,0.017,0.015,0.011,0.012,0.012,0.011,0.014,0.024
경상남도,거제,0.019,0.017,0.018,0.016,0.017,0.021,0.014,0.015,0.016,0.016,0.019,0.02,0.018,0.015,0.02,0.017,0.015,0.013,0.012,0.01,0.014,0.015,0.017,0.016,0.015,0.014,0.017,0.014,0.02,0.015,0.014,0.01,0.013,0.012,0.016,0.014,0.017**,-,0.018,0.016,0.015,0.015,0.014,0.01,0.014,0.015,0.021,0.018,0.016,0.018,0.016,0.016,0.017,0.016,0.011,0.012,0.016,0.015,0.017,0.018,0.017,0.015,0.013,0.012,0.012,0.015,0.013,0.009,0.011,0.013,0.015,0.016**,0.013*,0.011,0.012,0.01,0.009,0.009,0.007,0.007,0.007,0.009,0.011,0.011,0.014,0.01,0.012,0.009,0.008,0.006,0.008,0.006**,0.008**,0.009*,0.014
경상남도,사천,0.021,0.02,0.018,0.015,0.014,0.012,0.01,0.009,0.009,0.015,0.017,0.019,0.019,0.017,0.016,0.013,0.012,0.011,0.009,0.009,0.01,0.014,0.018,0.022,0.021,0.023,0.025,0.025,0.031,0.016,0.01,0.008,0.009,0.011,0.018,0.02,0.019,0.019,0.016,0.012,0.01,0.009,0.009,0.008,0.01,0.013,0.021,0.019,0.02,0.017,0.014,0.013,0.011,0.01,0.009,0.009,0.009,0.012,0.018,0.022,0.019,0.018,0.013,0.011,0.008,0.008,0.008,0.007,0.008,0.011,0.015,0.018*,0.014,0.013,0.011,0.009,0.008,0.008,0.007,0.006,0.006,0.008,0.013,0.014,0.017,0.012,0.013,0.011,0.011,0.011,0.007**,0.01,0.009,0.01,0.015
경상남도,밀양,-,-,-,-,-,-,-,-,-,-,-,-,-,-,-,-,-,-,-,-,-,-,-,-,-,-,-,-,-,-,-,-,-,-,0.020*,0.014,0.017,0.021,0.017,0.015,0.014,0.015,0.011,0.01,0.011,0.015,0.023,0.022,0.024,0.02,0.02,0.016,0.016,0.013,0.012,0.01,0.01,0.012,0.019,0.023,0.02,0.017,0.015,0.013,0.012,0.012,0.011,0.009,0.009,0.012,0.018,0.02,0.018,0.014,0.014,0.013,0.012,0.011,0.009,0.009,0.009,0.011,0.019,0.02,0.019,0.015,0.014,0.012,0.011,0.009,0.009,0.009,0.007,0.009,0.015
경상남도,통영,-,-,-,-,-,-,-,-,-,-,-,-,-,-,-,-,-,-,-,-,-,-,-,-,-,-,-,-,-,-,-,-,-,-,0.014*,0.017,0.017,0.019,0.02,0.015,0.011,0.01,0.009,0.009,0.011,0.016,0.027,0.023,0.025,0.022,0.019,0.016,0.015,0.011,0.01,0.011,0.012,0.014,0.022,0.027,0.024,0.021,0.016,0.014,0.011,0.011,0.011,0.008,0.01,0.015,0.018,0.023,0.019,0.017,0.016,0.014,0.011,0.01,0.008,0.008,0.01,0.014,0.021,0.023,0.026,0.015,0.015,0.009,0.012,0.009,0.008,0.009,0.01,0.012,0.019
경상남도,고성,-,-,-,-,-,-,-,-,-,-,-,-,-,-,-,-,-,-,-,-,-,-,-,-,-,-,-,-,-,-,-,-,-,-,-,-,-,-,-,-,-,-,-,-,-,-,-,-,0.019,0.016,0.015,0.013,0.011,0.01,0.009,0.009,0.01,0.011,0.016,0.02,0.018,0.014,0.012,0.011,0.009,0.008,0.008,0.007,0.008,0.01,0.013,0.017,0.014,0.014,0.012,0.01,0.009,0.008,0.007,0.007,0.008,0.01,0.016,0.017,0.019,0.013,0.013,0.01,0.009,0.007,0.008,0.008,0.008,0.009,0.014
경상남도,거창,-,-,-,-,-,-,-,-,-,-,-,-,-,-,-,-,-,-,-,-,-,-,-,-,-,-,-,-,-,-,-,-,-,-,-,-,-,-,-,-,-,-,-,-,-,-,-,-,0.02,0.016,0.016,0.013,0.012,0.01,0.009,0.009,0.009,-,0.017,0.02,0.018,0.014,0.013,0.011,0.01,0.01,0.008,0.007,0.008,0.011,0.015,0.016,0.015,0.013,0.011,0.01,0.008,0.008,0.007,0.007,0.007,0.01,0.016,0.016,0.017,0.014,0.015,0.011,0.009*,0.008*,0.008,0.007,0.009,0.012,0.019
경상남도,함안,-,-,-,-,-,-,-,-,-,-,-,-,-,-,-,-,-,-,-,-,-,-,-,-,-,-,-,-,-,-,-,-,-,-,-,-,-,-,-,-,-,-,-,-,-,-,-,-,0.019,0.013,0.014,0.012,0.011,0.009,0.008,0.008,0.009,-,0.015,0.02,0.018,0.014,0.013,0.011,0.008,0.008,0.008,0.006,0.008,0.01,0.014,0.017,0.016,0.014,0.01,0.01,0.008,0.008,0.008,0.007,0.009,0.009,0.013,0.016,0.018,0.014,0.012,0.01,0.009,0.007,0.007,0.007,0.008,0.009,0.013
경상남도,함양,-,-,-,-,-,-,-,-,-,-,-,-,-,-,-,-,-,-,-,-,-,-,-,-,-,-,-,-,-,-,-,-,-,-,-,-,-,-,-,-,-,-,-,-,-,-,-,-,0.012,0.013,0.012,0.011,0.009,0.009,0.008,0.007,0.008,0.009,0.013,0.014,0.014,0.011,0.01,0.01,0.008,0.008,0.007,0.006,0.007,0.009,0.011,0.011,0.011,0.009,0.009,0.009,0.008,0.008,0.007,0.006,0.007,0.008,0.011,0.011,0.012,0.011,0.012,0.009,0.008,0.008,0.007,0.006,0.007,0.007,0.012
경상남도,남해,-,-,-,-,-,-,-,-,-,-,-,-,-,-,-,-,-,-,-,-,-,-,-,-,-,-,-,-,-,-,-,-,-,-,-,-,-,-,-,-,-,-,-,-,-,-,-,-,0.015,0.013,0.011,0.01,0.01,0.008,0.007,0.008,0.007,0.009,0.012,0.015,0.013,0.01,0.01,0.010*,0.008,0.008,0.007,0.006,0.007,0.009,0.012,0.013,0.01,0.01,0.008,0.009,0.008,0.007,0.006,0.006,0.006,0.008,0.01,0.012,0.013,0.01,0.011,0.008,0.008,0.006,0.006,0.006,0.006,0.008,0.01
경상남도,산청,-,-,-,-,-,-,-,-,-,-,-,-,-,-,-,-,-,-,-,-,-,-,-,-,-,-,-,-,-,-,-,-,-,-,-,-,-,-,-,-,-,-,-,-,-,-,-,-,-,-,-,-,-,-,-,-,-,-,0.012,0.015,0.013,0.01,0.009,0.008,0.006,0.007,0.006,0.006,0.006,0.008,0.011,0.012,0.015,0.011,0.009,0.008,0.007,0.007,0.006,0.005,0.006,0.009,0.012,0.012,0.013,0.01,0.011,0.009,0.008,0.006,0.005,0.006,0.007,0.009,0.013
경상남도,의령,-,-,-,-,-,-,-,-,-,-,-,-,-,-,-,-,-,-,-,-,-,-,-,-,-,-,-,-,-,-,-,-,-,-,-,-,-,-,-,-,-,-,-,-,-,-,-,-,-,-,-,-,-,-,-,-,-,-,0.012,0.014,0.013,0.01,0.009,0.008,0.008,0.007,0.006,0.005,0.005,0.008,0.011,0.013,0.011,0.011,0.008,0.008,0.007,0.008,0.005,0.005,0.005,0.008,0.011,0.011,0.013,0.009,0.01,0.008,0.007,0.005,0.005,0.005,0.005,0.007,0.012
경상남도,창녕,-,-,-,-,-,-,-,-,-,-,-,-,-,-,-,-,-,-,-,-,-,-,-,-,-,-,-,-,-,-,-,-,-,-,-,-,-,-,-,-,-,-,-,-,-,-,-,-,-,-,-,-,-,-,-,-,-,-,0.018,0.02,0.018,0.017,0.014,0.012,0.01,0.011,0.01,0.009,0.01,0.014,0.018,0.018,0.018,0.015,0.014,0.012,0.011,0.011,0.008,0.008,0.008,0.012,0.017,0.018,0.018,0.013,0.015,0.011,0.011,0.008,0.009,0.009,0.008,0.01,0.018
경상남도,합천,-,-,-,-,-,-,-,-,-,-,-,-,-,-,-,-,-,-,-,-,-,-,-,-,-,-,-,-,-,-,-,-,-,-,-,-,-,-,-,-,-,-,-,-,-,-,-,-,-,-,-,-,-,-,-,-,-,-,0.01,0.013,0.014,0.011,0.009,0.008,0.007,0.007,0.007,0.006,0.006,0.007,0.009,0.012,0.011,0.014,0.011,0.01,0.009,0.01,0.009**,-,0.010*,0.01,0.012,0.013,0.015,0.012,0.011,0.009,0.008,0.006,0.006,0.006,0.006,0.008,0.012
경상남도,도평균,0.023,0.021,0.021,0.018,0.019,0.017,0.014,0.014,0.015,0.021,0.02,0.023,0.024,0.022,0.023,0.021,0.019,0.016,0.015,0.014,0.015,0.017,0.024,0.025,0.023,0.021,0.023,0.02,0.021,0.017,0.014,0.012,0.016,0.014,0.024,0.023,0.022,0.023,0.02,0.018,0.016,0.016,0.013,0.012,0.012,0.017,0.027,0.022,0.021,0.019,0.018,0.016,0.016,0.014,0.012,0.012,0.012,0.014,0.02,0.023,0.019,0.018,0.015,0.012,0.011,0.011,0.011,0.009,0.01,0.014,0.018,0.02,0.018,0.016,0.014,0.013,0.011,0.012,0.009,0.008,0.009,0.012,0.018,0.019,0.02,0.015,0.016,0.013,0.012,0.009,0.01,0.009,0.01,0.012,0.019
제주특별자치도,제주특별자치도,0.009,0.013,0.014,0.011,0.01,0.007,0.008,0.011,0.013,0.013,0.015,0.014,0.013,0.015,0.016,0.022,0.016,0.015,0.008,0.007,0.011,0.011,0.015,0.017,0.013,0.013,0.016,0.015,0.015,0.012,0.009,0.009**,0.010*,0.009,0.015,0.013,0.015,0.015,0.016,0.012,0.012,0.009,0.007,0.006,0.009,0.011,0.016,0.013,0.015,0.014,0.017,0.015,0.013,0.012,0.009,0.01,0.011,0.011,0.013,0.014,0.014,0.013,0.012,0.011,0.011,0.012,0.01,0.008,0.009,0.01,0.013,0.014,0.009,0.011,0.011,0.01,0.01,0.009,0.006,0.007,0.007,0.009,0.011,0.011,0.01,0.009,0.011,0.01,0.009,0.007,0.006,0.006,0.007,0.008,0.01
제주특별자치도,서귀포,0.023,0.009,0.013,0.011,0.008,0.006,0.006,0.007,0.007,0.009,0.013,0.015,0.015,0.012,0.013,0.011,0.009,0.008,0.005,0.004,0.006,0.008,0.012,0.013,0.012,0.011,0.011,0.009,0.007,0.006,0.004,0.006,0.006,0.005,0.008,0.007,0.007,0.008,0.008,0.008,0.006,0.006,0.005,0.005,0.005,0.007,0.01,0.007,0.009,0.008,0.009,0.008,0.007,0.006,0.004,0.005,0.005,0.005,0.007,0.008,0.008,0.007,0.006,0.007,0.006,0.005,0.005,0.004,0.005,0.006,0.007,0.008,0.006,0.007,0.007,0.006,0.006,0.005,0.004,0.004,0.004,0.005,0.007,0.007,0.007,0.007,0.007,0.006,0.006,0.004,0.004,0.004,0.004,0.005,0.006
제주특별자치도,도평균,0.014,0.012,0.014,0.011,0.009,0.007,0.007,0.01,0.011,0.012,0.014,0.014,0.014,0.014,0.015,0.018,0.014,0.013,0.007,0.006,0.009,0.01,0.014,0.016,0.013,0.012,0.014,0.013,0.012,0.01,0.007,0.007*,0.008,0.007,0.011,0.01,0.011,0.012,0.012,0.01,0.009,0.008,0.006,0.006,0.007,0.009,0.013,0.01,0.012,0.011,0.012,0.01,0.01,0.008,0.006,0.007,0.007,0.008,0.009,0.01,0.01,0.009,0.008,0.008,0.007,0.008,0.006,0.005,0.007,0.008,0.009,0.01,0.008,0.009,0.009,0.008,0.008,0.007,0.005,0.005,0.006,0.007,0.009,0.009,0.008,0.008,0.009,0.008,0.007,0.006,0.005,0.005,0.006,0.006,0.008
