City,pm25,pm10,o3,no2,so2,co,Cluster,District
강릉,11.194,41.244,0.03,0.014,0.004,0.45,0,강원도
강릉,11.194,41.244,0.03,0.014,0.004,0.45,0,강원도
강릉,11.194,41.244,0.03,0.014,0.004,0.45,0,강원도
강릉,11.194,41.244,0.03,0.014,0.004,0.45,0,강원도
강릉,11.194,41.244,0.03,0.014,0.004,0.45,0,강원도
강릉,11.194,41.244,0.03,0.014,0.004,0.45,0,강원도
거제,11.538,37.596,0.032,0.014,0.004,0.415,0,경상남도
거제,11.538,37.596,0.032,0.014,0.004,0.415,0,경상남도
거제,11.538,37.596,0.032,0.014,0.004,0.415,0,경상남도
거제,11.538,37.596,0.032,0.014,0.004,0.415,0,경상남도
거제,11.538,37.596,0.032,0.014,0.004,0.415,0,경상남도
거제,11.538,37.596,0.032,0.014,0.004,0.415,0,경상남도
경산,8.887,39.772,0.026,0.015,0.004,0.431,0,경상북도
경산,8.887,39.772,0.026,0.015,0.004,0.431,0,경상북도
경산,8.887,39.772,0.026,0.015,0.004,0.431,0,경상북도
경산,8.887,39.772,0.026,0.015,0.004,0.431,0,경상북도
경주,6.906,39.723,0.027,0.017,0.005,0.395,0,경상북도
경주,6.906,39.723,0.027,0.017,0.005,0.395,0,경상북도
경주,6.906,39.723,0.027,0.017,0.005,0.395,0,경상북도
계룡,7.611,28.088,0.02,0.012,0.003,0.359,2,충청남도
계룡,7.611,28.088,0.02,0.012,0.003,0.359,2,충청남도
계룡,7.611,28.088,0.02,0.012,0.003,0.359,2,충청남도
고양,10.576,52.444,0.025,0.024,0.005,0.467,1,경기도
고양,10.576,52.444,0.025,0.024,0.005,0.467,1,경기도
고양,10.576,52.444,0.025,0.024,0.005,0.467,1,경기도
고양,10.576,52.444,0.025,0.024,0.005,0.467,1,경기도
공주,8.884,28.614,0.019,0.011,0.003,0.329,2,충청남도
공주,8.884,28.614,0.019,0.011,0.003,0.329,2,충청남도
공주,8.884,28.614,0.019,0.011,0.003,0.329,2,충청남도
공주,8.884,28.614,0.019,0.011,0.003,0.329,2,충청남도
과천,10.352,47.098,0.022,0.03,0.004,0.611,1,경기도
과천,10.352,47.098,0.022,0.03,0.004,0.611,1,경기도
과천,10.352,47.098,0.022,0.03,0.004,0.611,1,경기도
과천,10.352,47.098,0.022,0.03,0.004,0.611,1,경기도
과천,10.352,47.098,0.022,0.03,0.004,0.611,1,경기도
광명,11.223,49.538,0.024,0.031,0.004,0.576,1,경기도
광명,11.223,49.538,0.024,0.031,0.004,0.576,1,경기도
광명,11.223,49.538,0.024,0.031,0.004,0.576,1,경기도
광명,11.223,49.538,0.024,0.031,0.004,0.576,1,경기도
광명,11.223,49.538,0.024,0.031,0.004,0.576,1,경기도
광양,11.118,38.523,0.029,0.014,0.006,0.422,0,전라남도
광양,11.118,38.523,0.029,0.014,0.006,0.422,0,전라남도
광양,11.118,38.523,0.029,0.014,0.006,0.422,0,전라남도
광양,11.118,38.523,0.029,0.014,0.006,0.422,0,전라남도
광양,11.118,38.523,0.029,0.014,0.006,0.422,0,전라남도
광양,11.118,38.523,0.029,0.014,0.006,0.422,0,전라남도
광주,11.537,50.628,0.022,0.03,0.005,0.636,1,경기도
광주,11.537,50.628,0.022,0.03,0.005,0.636,1,경기도
광주,11.537,50.628,0.022,0.03,0.005,0.636,1,경기도
광주,11.537,50.628,0.022,0.03,0.005,0.636,1,경기도
광주광역시,12.688,40.364,0.028,0.019,0.003,0.49,0,광주광역시
광주광역시,12.688,40.364,0.028,0.019,0.003,0.49,0,광주광역시
광주광역시,12.688,40.364,0.028,0.019,0.003,0.49,0,광주광역시
광주광역시,12.688,40.364,0.028,0.019,0.003,0.49,0,광주광역시
광주광역시,12.688,40.364,0.028,0.019,0.003,0.49,0,광주광역시
광주광역시,12.688,40.364,0.028,0.019,0.003,0.49,0,광주광역시
구리,14.672,49.272,0.024,0.027,0.004,0.516,1,경기도
구리,14.672,49.272,0.024,0.027,0.004,0.516,1,경기도
구리,14.672,49.272,0.024,0.027,0.004,0.516,1,경기도
구리,14.672,49.272,0.024,0.027,0.004,0.516,1,경기도
구리,14.672,49.272,0.024,0.027,0.004,0.516,1,경기도
구리,14.672,49.272,0.024,0.027,0.004,0.516,1,경기도
구미,9.39,45.72,0.029,0.018,0.004,0.543,0,경상북도
구미,9.39,45.72,0.029,0.018,0.004,0.543,0,경상북도
구미,9.39,45.72,0.029,0.018,0.004,0.543,0,경상북도
구미,9.39,45.72,0.029,0.018,0.004,0.543,0,경상북도
구미,9.39,45.72,0.029,0.018,0.004,0.543,0,경상북도
군산,13.312,45.824,0.03,0.015,0.005,0.507,0,전라북도
군산,13.312,45.824,0.03,0.015,0.005,0.507,0,전라북도
군산,13.312,45.824,0.03,0.015,0.005,0.507,0,전라북도
군산,13.312,45.824,0.03,0.015,0.005,0.507,0,전라북도
군산,13.312,45.824,0.03,0.015,0.005,0.507,0,전라북도
군산,13.312,45.824,0.03,0.015,0.005,0.507,0,전라북도
군포,10.866,51.606,0.025,0.03,0.004,0.465,1,경기도
군포,10.866,51.606,0.025,0.03,0.004,0.465,1,경기도
군포,10.866,51.606,0.025,0.03,0.004,0.465,1,경기도
군포,10.866,51.606,0.025,0.03,0.004,0.465,1,경기도
김제,13.045,44.244,0.027,0.014,0.003,0.426,0,전라북도
김제,13.045,44.244,0.027,0.014,0.003,0.426,0,전라북도
김제,13.045,44.244,0.027,0.014,0.003,0.426,0,전라북도
김제,13.045,44.244,0.027,0.014,0.003,0.426,0,전라북도
김제,13.045,44.244,0.027,0.014,0.003,0.426,0,전라북도
김천,12.172,47.526,0.03,0.013,0.004,0.464,0,경상북도
김천,12.172,47.526,0.03,0.013,0.004,0.464,0,경상북도
김천,12.172,47.526,0.03,0.013,0.004,0.464,0,경상북도
김천,12.172,47.526,0.03,0.013,0.004,0.464,0,경상북도
김천,12.172,47.526,0.03,0.013,0.004,0.464,0,경상북도
김천,12.172,47.526,0.03,0.013,0.004,0.464,0,경상북도
김포,14.391,54.182,0.028,0.021,0.004,0.508,1,경기도
김포,14.391,54.182,0.028,0.021,0.004,0.508,1,경기도
김포,14.391,54.182,0.028,0.021,0.004,0.508,1,경기도
김포,14.391,54.182,0.028,0.021,0.004,0.508,1,경기도
김포,14.391,54.182,0.028,0.021,0.004,0.508,1,경기도
김포,14.391,54.182,0.028,0.021,0.004,0.508,1,경기도
김해,10.873,40.136,0.029,0.019,0.004,0.383,0,경상남도
김해,10.873,40.136,0.029,0.019,0.004,0.383,0,경상남도
김해,10.873,40.136,0.029,0.019,0.004,0.383,0,경상남도
김해,10.873,40.136,0.029,0.019,0.004,0.383,0,경상남도
김해,10.873,40.136,0.029,0.019,0.004,0.383,0,경상남도
김해,10.873,40.136,0.029,0.019,0.004,0.383,0,경상남도
나주,9.868,30.888,0.027,0.012,0.004,0.389,2,전라남도
나주,9.868,30.888,0.027,0.012,0.004,0.389,2,전라남도
나주,9.868,30.888,0.027,0.012,0.004,0.389,2,전라남도
남양주,10.441,45.439,0.025,0.024,0.003,0.508,0,경기도
남양주,10.441,45.439,0.025,0.024,0.003,0.508,0,경기도
남양주,10.441,45.439,0.025,0.024,0.003,0.508,0,경기도
남양주,10.441,45.439,0.025,0.024,0.003,0.508,0,경기도
남원,11.195,45.079,0.028,0.013,0.003,0.494,0,전라북도
남원,11.195,45.079,0.028,0.013,0.003,0.494,0,전라북도
남원,11.195,45.079,0.028,0.013,0.003,0.494,0,전라북도
남원,11.195,45.079,0.028,0.013,0.003,0.494,0,전라북도
남원,11.195,45.079,0.028,0.013,0.003,0.494,0,전라북도
논산,8.165,30.304,0.019,0.012,0.003,0.371,2,충청남도
논산,8.165,30.304,0.019,0.012,0.003,0.371,2,충청남도
논산,8.165,30.304,0.019,0.012,0.003,0.371,2,충청남도
논산,8.165,30.304,0.019,0.012,0.003,0.371,2,충청남도
당진,13.842,45.676,0.032,0.013,0.004,0.456,0,충청남도
당진,13.842,45.676,0.032,0.013,0.004,0.456,0,충청남도
당진,13.842,45.676,0.032,0.013,0.004,0.456,0,충청남도
당진,13.842,45.676,0.032,0.013,0.004,0.456,0,충청남도
당진,13.842,45.676,0.032,0.013,0.004,0.456,0,충청남도
대구광역시,12.622,43.106,0.026,0.021,0.004,0.449,0,대구광역시
대구광역시,12.622,43.106,0.026,0.021,0.004,0.449,0,대구광역시
대구광역시,12.622,43.106,0.026,0.021,0.004,0.449,0,대구광역시
대구광역시,12.622,43.106,0.026,0.021,0.004,0.449,0,대구광역시
대구광역시,12.622,43.106,0.026,0.021,0.004,0.449,0,대구광역시
대구광역시,12.622,43.106,0.026,0.021,0.004,0.449,0,대구광역시
대전광역시,12.188,41.924,0.025,0.02,0.003,0.459,0,대전광역시
대전광역시,12.188,41.924,0.025,0.02,0.003,0.459,0,대전광역시
대전광역시,12.188,41.924,0.025,0.02,0.003,0.459,0,대전광역시
대전광역시,12.188,41.924,0.025,0.02,0.003,0.459,0,대전광역시
대전광역시,12.188,41.924,0.025,0.02,0.003,0.459,0,대전광역시
대전광역시,12.188,41.924,0.025,0.02,0.003,0.459,0,대전광역시
동두천,11.033,57.317,0.027,0.019,0.006,0.48,1,경기도
동두천,11.033,57.317,0.027,0.019,0.006,0.48,1,경기도
동두천,11.033,57.317,0.027,0.019,0.006,0.48,1,경기도
동두천,11.033,57.317,0.027,0.019,0.006,0.48,1,경기도
동해,9.617,36.606,0.029,0.017,0.003,0.536,0,강원도
동해,9.617,36.606,0.029,0.017,0.003,0.536,0,강원도
동해,9.617,36.606,0.029,0.017,0.003,0.536,0,강원도
동해,9.617,36.606,0.029,0.017,0.003,0.536,0,강원도
동해,9.617,36.606,0.029,0.017,0.003,0.536,0,강원도
목포,10.504,38.023,0.032,0.015,0.004,0.545,0,전라남도
목포,10.504,38.023,0.032,0.015,0.004,0.545,0,전라남도
목포,10.504,38.023,0.032,0.015,0.004,0.545,0,전라남도
목포,10.504,38.023,0.032,0.015,0.004,0.545,0,전라남도
목포,10.504,38.023,0.032,0.015,0.004,0.545,0,전라남도
목포,10.504,38.023,0.032,0.015,0.004,0.545,0,전라남도
문경,6.502,32.215,0.022,0.012,0.004,0.369,2,경상북도
밀양,10.051,35.058,0.025,0.015,0.003,0.335,2,경상남도
밀양,10.051,35.058,0.025,0.015,0.003,0.335,2,경상남도
밀양,10.051,35.058,0.025,0.015,0.003,0.335,2,경상남도
보령,8.506,28.925,0.021,0.011,0.003,0.353,2,충청남도
보령,8.506,28.925,0.021,0.011,0.003,0.353,2,충청남도
보령,8.506,28.925,0.021,0.011,0.003,0.353,2,충청남도
보령,8.506,28.925,0.021,0.011,0.003,0.353,2,충청남도
부산광역시,12.852,43.439,0.029,0.02,0.006,0.384,0,부산광역시
부산광역시,12.852,43.439,0.029,0.02,0.006,0.384,0,부산광역시
부산광역시,12.852,43.439,0.029,0.02,0.006,0.384,0,부산광역시
부산광역시,12.852,43.439,0.029,0.02,0.006,0.384,0,부산광역시
부산광역시,12.852,43.439,0.029,0.02,0.006,0.384,0,부산광역시
부산광역시,12.852,43.439,0.029,0.02,0.006,0.384,0,부산광역시
부천,15.357,53.993,0.023,0.03,0.005,0.528,1,경기도
부천,15.357,53.993,0.023,0.03,0.005,0.528,1,경기도
부천,15.357,53.993,0.023,0.03,0.005,0.528,1,경기도
부천,15.357,53.993,0.023,0.03,0.005,0.528,1,경기도
부천,15.357,53.993,0.023,0.03,0.005,0.528,1,경기도
부천,15.357,53.993,0.023,0.03,0.005,0.528,1,경기도
사천,9.737,33.995,0.028,0.014,0.004,0.406,2,경상남도
사천,9.737,33.995,0.028,0.014,0.004,0.406,2,경상남도
사천,9.737,33.995,0.028,0.014,0.004,0.406,2,경상남도
사천,9.737,33.995,0.028,0.014,0.004,0.406,2,경상남도
사천,9.737,33.995,0.028,0.014,0.004,0.406,2,경상남도
사천,9.737,33.995,0.028,0.014,0.004,0.406,2,경상남도
삼척,9.511,38.538,0.03,0.015,0.004,0.49,0,강원도
삼척,9.511,38.538,0.03,0.015,0.004,0.49,0,강원도
삼척,9.511,38.538,0.03,0.015,0.004,0.49,0,강원도
삼척,9.511,38.538,0.03,0.015,0.004,0.49,0,강원도
삼척,9.511,38.538,0.03,0.015,0.004,0.49,0,강원도
상주,7.668,33.044,0.023,0.012,0.004,0.383,2,경상북도
상주,7.668,33.044,0.023,0.012,0.004,0.383,2,경상북도
상주,7.668,33.044,0.023,0.012,0.004,0.383,2,경상북도
서귀포,8.653,36.75,0.039,0.008,0.002,0.308,-1,제주특별자치도
서귀포,8.653,36.75,0.039,0.008,0.002,0.308,-1,제주특별자치도
서귀포,8.653,36.75,0.039,0.008,0.002,0.308,-1,제주특별자치도
서귀포,8.653,36.75,0.039,0.008,0.002,0.308,-1,제주특별자치도
서귀포,8.653,36.75,0.039,0.008,0.002,0.308,-1,제주특별자치도
서귀포,8.653,36.75,0.039,0.008,0.002,0.308,-1,제주특별자치도
서산,8.681,39.379,0.031,0.017,0.005,0.536,0,충청남도
서산,8.681,39.379,0.031,0.017,0.005,0.536,0,충청남도
서산,8.681,39.379,0.031,0.017,0.005,0.536,0,충청남도
서산,8.681,39.379,0.031,0.017,0.005,0.536,0,충청남도
서산,8.681,39.379,0.031,0.017,0.005,0.536,0,충청남도
서울특별시,13.148,43.773,0.023,0.031,0.005,0.526,1,서울특별시
서울특별시,13.148,43.773,0.023,0.031,0.005,0.526,1,서울특별시
서울특별시,13.148,43.773,0.023,0.031,0.005,0.526,1,서울특별시
서울특별시,13.148,43.773,0.023,0.031,0.005,0.526,1,서울특별시
서울특별시,13.148,43.773,0.023,0.031,0.005,0.526,1,서울특별시
서울특별시,13.148,43.773,0.023,0.031,0.005,0.526,1,서울특별시
성남,12.543,46.682,0.022,0.033,0.004,0.579,1,경기도
성남,12.543,46.682,0.022,0.033,0.004,0.579,1,경기도
성남,12.543,46.682,0.022,0.033,0.004,0.579,1,경기도
성남,12.543,46.682,0.022,0.033,0.004,0.579,1,경기도
성남,12.543,46.682,0.022,0.033,0.004,0.579,1,경기도
성남,12.543,46.682,0.022,0.033,0.004,0.579,1,경기도
세종특별자치시,13.861,26.781,0.018,0.012,0.002,0.339,2,세종특별자치시
세종특별자치시,13.861,26.781,0.018,0.012,0.002,0.339,2,세종특별자치시
세종특별자치시,13.861,26.781,0.018,0.012,0.002,0.339,2,세종특별자치시
세종특별자치시,13.861,26.781,0.018,0.012,0.002,0.339,2,세종특별자치시
세종특별자치시,13.861,26.781,0.018,0.012,0.002,0.339,2,세종특별자치시
속초,8.082,32.867,0.023,0.012,0.003,0.408,2,강원도
속초,8.082,32.867,0.023,0.012,0.003,0.408,2,강원도
수원,13.27,47.439,0.023,0.032,0.005,0.623,1,경기도
수원,13.27,47.439,0.023,0.032,0.005,0.623,1,경기도
수원,13.27,47.439,0.023,0.032,0.005,0.623,1,경기도
수원,13.27,47.439,0.023,0.032,0.005,0.623,1,경기도
수원,13.27,47.439,0.023,0.032,0.005,0.623,1,경기도
수원,13.27,47.439,0.023,0.032,0.005,0.623,1,경기도
순천,10.929,34.265,0.031,0.013,0.004,0.492,0,전라남도
순천,10.929,34.265,0.031,0.013,0.004,0.492,0,전라남도
순천,10.929,34.265,0.031,0.013,0.004,0.492,0,전라남도
순천,10.929,34.265,0.031,0.013,0.004,0.492,0,전라남도
순천,10.929,34.265,0.031,0.013,0.004,0.492,0,전라남도
순천,10.929,34.265,0.031,0.013,0.004,0.492,0,전라남도
시흥,11.783,52.856,0.025,0.032,0.007,0.582,-1,경기도
시흥,11.783,52.856,0.025,0.032,0.007,0.582,-1,경기도
시흥,11.783,52.856,0.025,0.032,0.007,0.582,-1,경기도
시흥,11.783,52.856,0.025,0.032,0.007,0.582,-1,경기도
아산,11.124,46.742,0.026,0.019,0.004,0.539,0,충청남도
아산,11.124,46.742,0.026,0.019,0.004,0.539,0,충청남도
아산,11.124,46.742,0.026,0.019,0.004,0.539,0,충청남도
아산,11.124,46.742,0.026,0.019,0.004,0.539,0,충청남도
아산,11.124,46.742,0.026,0.019,0.004,0.539,0,충청남도
안동,7.947,39.546,0.028,0.014,0.004,0.465,0,경상북도
안동,7.947,39.546,0.028,0.014,0.004,0.465,0,경상북도
안동,7.947,39.546,0.028,0.014,0.004,0.465,0,경상북도
안동,7.947,39.546,0.028,0.014,0.004,0.465,0,경상북도
안산,13.369,48.576,0.025,0.029,0.005,0.526,1,경기도
안산,13.369,48.576,0.025,0.029,0.005,0.526,1,경기도
안산,13.369,48.576,0.025,0.029,0.005,0.526,1,경기도
안산,13.369,48.576,0.025,0.029,0.005,0.526,1,경기도
안산,13.369,48.576,0.025,0.029,0.005,0.526,1,경기도
안산,13.369,48.576,0.025,0.029,0.005,0.526,1,경기도
안성,11.98,52.848,0.026,0.016,0.004,0.426,0,경기도
안성,11.98,52.848,0.026,0.016,0.004,0.426,0,경기도
안성,11.98,52.848,0.026,0.016,0.004,0.426,0,경기도
안성,11.98,52.848,0.026,0.016,0.004,0.426,0,경기도
안성,11.98,52.848,0.026,0.016,0.004,0.426,0,경기도
안양,11.132,49.371,0.023,0.031,0.005,0.534,1,경기도
안양,11.132,49.371,0.023,0.031,0.005,0.534,1,경기도
안양,11.132,49.371,0.023,0.031,0.005,0.534,1,경기도
안양,11.132,49.371,0.023,0.031,0.005,0.534,1,경기도
안양,11.132,49.371,0.023,0.031,0.005,0.534,1,경기도
양산,12.631,43.848,0.027,0.021,0.005,0.438,0,경상남도
양산,12.631,43.848,0.027,0.021,0.005,0.438,0,경상남도
양산,12.631,43.848,0.027,0.021,0.005,0.438,0,경상남도
양산,12.631,43.848,0.027,0.021,0.005,0.438,0,경상남도
양산,12.631,43.848,0.027,0.021,0.005,0.438,0,경상남도
양산,12.631,43.848,0.027,0.021,0.005,0.438,0,경상남도
양주,11.124,56.431,0.028,0.018,0.005,0.483,1,경기도
양주,11.124,56.431,0.028,0.018,0.005,0.483,1,경기도
양주,11.124,56.431,0.028,0.018,0.005,0.483,1,경기도
양주,11.124,56.431,0.028,0.018,0.005,0.483,1,경기도
여수,10.171,34.538,0.029,0.018,0.007,0.537,1,전라남도
여수,10.171,34.538,0.029,0.018,0.007,0.537,1,전라남도
여수,10.171,34.538,0.029,0.018,0.007,0.537,1,전라남도
여수,10.171,34.538,0.029,0.018,0.007,0.537,1,전라남도
여수,10.171,34.538,0.029,0.018,0.007,0.537,1,전라남도
여수,10.171,34.538,0.029,0.018,0.007,0.537,1,전라남도
여주,20.013,51.904,0.026,0.018,0.004,0.489,0,경기도
여주,20.013,51.904,0.026,0.018,0.004,0.489,0,경기도
여주,20.013,51.904,0.026,0.018,0.004,0.489,0,경기도
여주,20.013,51.904,0.026,0.018,0.004,0.489,0,경기도
여주,20.013,51.904,0.026,0.018,0.004,0.489,0,경기도
영주,9.444,47.729,0.028,0.015,0.007,0.672,1,경상북도
영주,9.444,47.729,0.028,0.015,0.007,0.672,1,경상북도
영주,9.444,47.729,0.028,0.015,0.007,0.672,1,경상북도
영주,9.444,47.729,0.028,0.015,0.007,0.672,1,경상북도
영천,6.934,32.742,0.022,0.012,0.004,0.39,2,경상북도
영천,6.934,32.742,0.022,0.012,0.004,0.39,2,경상북도
오산,11.26,51.705,0.024,0.029,0.004,0.486,1,경기도
오산,11.26,51.705,0.024,0.029,0.004,0.486,1,경기도
오산,11.26,51.705,0.024,0.029,0.004,0.486,1,경기도
오산,11.26,51.705,0.024,0.029,0.004,0.486,1,경기도
용인,11.37,50.199,0.022,0.03,0.005,0.581,1,경기도
용인,11.37,50.199,0.022,0.03,0.005,0.581,1,경기도
용인,11.37,50.199,0.022,0.03,0.005,0.581,1,경기도
용인,11.37,50.199,0.022,0.03,0.005,0.581,1,경기도
용인,11.37,50.199,0.022,0.03,0.005,0.581,1,경기도
울산광역시,12.286,43.106,0.028,0.022,0.007,0.507,1,울산광역시
울산광역시,12.286,43.106,0.028,0.022,0.007,0.507,1,울산광역시
울산광역시,12.286,43.106,0.028,0.022,0.007,0.507,1,울산광역시
울산광역시,12.286,43.106,0.028,0.022,0.007,0.507,1,울산광역시
울산광역시,12.286,43.106,0.028,0.022,0.007,0.507,1,울산광역시
울산광역시,12.286,43.106,0.028,0.022,0.007,0.507,1,울산광역시
원주,15.655,53.0,0.025,0.021,0.004,0.651,1,강원도
원주,15.655,53.0,0.025,0.021,0.004,0.651,1,강원도
원주,15.655,53.0,0.025,0.021,0.004,0.651,1,강원도
원주,15.655,53.0,0.025,0.021,0.004,0.651,1,강원도
원주,15.655,53.0,0.025,0.021,0.004,0.651,1,강원도
원주,15.655,53.0,0.025,0.021,0.004,0.651,1,강원도
의왕,12.542,50.212,0.022,0.034,0.004,0.654,1,경기도
의왕,12.542,50.212,0.022,0.034,0.004,0.654,1,경기도
의왕,12.542,50.212,0.022,0.034,0.004,0.654,1,경기도
의왕,12.542,50.212,0.022,0.034,0.004,0.654,1,경기도
의왕,12.542,50.212,0.022,0.034,0.004,0.654,1,경기도
의왕,12.542,50.212,0.022,0.034,0.004,0.654,1,경기도
의정부,12.951,48.977,0.025,0.026,0.004,0.576,1,경기도
의정부,12.951,48.977,0.025,0.026,0.004,0.576,1,경기도
의정부,12.951,48.977,0.025,0.026,0.004,0.576,1,경기도
의정부,12.951,48.977,0.025,0.026,0.004,0.576,1,경기도
의정부,12.951,48.977,0.025,0.026,0.004,0.576,1,경기도
의정부,12.951,48.977,0.025,0.026,0.004,0.576,1,경기도
이천,11.624,57.537,0.025,0.021,0.005,0.47,1,경기도
이천,11.624,57.537,0.025,0.021,0.005,0.47,1,경기도
이천,11.624,57.537,0.025,0.021,0.005,0.47,1,경기도
이천,11.624,57.537,0.025,0.021,0.005,0.47,1,경기도
익산,15.837,51.47,0.028,0.016,0.004,0.448,0,전라북도
익산,15.837,51.47,0.028,0.016,0.004,0.448,0,전라북도
익산,15.837,51.47,0.028,0.016,0.004,0.448,0,전라북도
익산,15.837,51.47,0.028,0.016,0.004,0.448,0,전라북도
익산,15.837,51.47,0.028,0.016,0.004,0.448,0,전라북도
익산,15.837,51.47,0.028,0.016,0.004,0.448,0,전라북도
인천광역시,13.246,47.053,0.025,0.026,0.006,0.564,1,인천광역시
인천광역시,13.246,47.053,0.025,0.026,0.006,0.564,1,인천광역시
인천광역시,13.246,47.053,0.025,0.026,0.006,0.564,1,인천광역시
인천광역시,13.246,47.053,0.025,0.026,0.006,0.564,1,인천광역시
인천광역시,13.246,47.053,0.025,0.026,0.006,0.564,1,인천광역시
인천광역시,13.246,47.053,0.025,0.026,0.006,0.564,1,인천광역시
전주,13.013,49.377,0.028,0.017,0.004,0.454,0,전라북도
전주,13.013,49.377,0.028,0.017,0.004,0.454,0,전라북도
전주,13.013,49.377,0.028,0.017,0.004,0.454,0,전라북도
전주,13.013,49.377,0.028,0.017,0.004,0.454,0,전라북도
전주,13.013,49.377,0.028,0.017,0.004,0.454,0,전라북도
정읍,11.423,47.522,0.026,0.013,0.003,0.375,0,전라북도
정읍,11.423,47.522,0.026,0.013,0.003,0.375,0,전라북도
정읍,11.423,47.522,0.026,0.013,0.003,0.375,0,전라북도
정읍,11.423,47.522,0.026,0.013,0.003,0.375,0,전라북도
정읍,11.423,47.522,0.026,0.013,0.003,0.375,0,전라북도
제천,12.31,47.756,0.024,0.024,0.005,0.643,1,충청북도
제천,12.31,47.756,0.024,0.024,0.005,0.643,1,충청북도
제천,12.31,47.756,0.024,0.024,0.005,0.643,1,충청북도
제천,12.31,47.756,0.024,0.024,0.005,0.643,1,충청북도
제천,12.31,47.756,0.024,0.024,0.005,0.643,1,충청북도
제천,12.31,47.756,0.024,0.024,0.005,0.643,1,충청북도
진주,11.494,44.402,0.029,0.017,0.004,0.493,0,경상남도
진주,11.494,44.402,0.029,0.017,0.004,0.493,0,경상남도
진주,11.494,44.402,0.029,0.017,0.004,0.493,0,경상남도
진주,11.494,44.402,0.029,0.017,0.004,0.493,0,경상남도
진주,11.494,44.402,0.029,0.017,0.004,0.493,0,경상남도
진주,11.494,44.402,0.029,0.017,0.004,0.493,0,경상남도
창원,10.978,43.76,0.031,0.021,0.004,0.479,0,경상남도
창원,10.978,43.76,0.031,0.021,0.004,0.479,0,경상남도
창원,10.978,43.76,0.031,0.021,0.004,0.479,0,경상남도
창원,10.978,43.76,0.031,0.021,0.004,0.479,0,경상남도
창원,10.978,43.76,0.031,0.021,0.004,0.479,0,경상남도
창원,10.978,43.76,0.031,0.021,0.004,0.479,0,경상남도
창원,10.978,43.76,0.031,0.021,0.004,0.479,0,경상남도
창원,10.978,43.76,0.031,0.021,0.004,0.479,0,경상남도
창원,10.978,43.76,0.031,0.021,0.004,0.479,0,경상남도
창원,10.978,43.76,0.031,0.021,0.004,0.479,0,경상남도
창원,10.978,43.76,0.031,0.021,0.004,0.479,0,경상남도
창원,10.978,43.76,0.031,0.021,0.004,0.479,0,경상남도
천안,10.861,45.889,0.025,0.022,0.004,0.581,1,충청남도
천안,10.861,45.889,0.025,0.022,0.004,0.581,1,충청남도
천안,10.861,45.889,0.025,0.022,0.004,0.581,1,충청남도
천안,10.861,45.889,0.025,0.022,0.004,0.581,1,충청남도
천안,10.861,45.889,0.025,0.022,0.004,0.581,1,충청남도
천안,10.861,45.889,0.025,0.022,0.004,0.581,1,충청남도
청주,18.426,49.065,0.026,0.021,0.004,0.484,0,충청북도
청주,18.426,49.065,0.026,0.021,0.004,0.484,0,충청북도
청주,18.426,49.065,0.026,0.021,0.004,0.484,0,충청북도
청주,18.426,49.065,0.026,0.021,0.004,0.484,0,충청북도
청주,18.426,49.065,0.026,0.021,0.004,0.484,0,충청북도
청주,18.426,49.065,0.026,0.021,0.004,0.484,0,충청북도
춘천,12.746,47.174,0.027,0.016,0.003,0.555,0,강원도
춘천,12.746,47.174,0.027,0.016,0.003,0.555,0,강원도
춘천,12.746,47.174,0.027,0.016,0.003,0.555,0,강원도
춘천,12.746,47.174,0.027,0.016,0.003,0.555,0,강원도
춘천,12.746,47.174,0.027,0.016,0.003,0.555,0,강원도
춘천,12.746,47.174,0.027,0.016,0.003,0.555,0,강원도
충주,12.299,47.51,0.026,0.022,0.004,0.523,0,충청북도
충주,12.299,47.51,0.026,0.022,0.004,0.523,0,충청북도
충주,12.299,47.51,0.026,0.022,0.004,0.523,0,충청북도
충주,12.299,47.51,0.026,0.022,0.004,0.523,0,충청북도
충주,12.299,47.51,0.026,0.022,0.004,0.523,0,충청북도
충주,12.299,47.51,0.026,0.022,0.004,0.523,0,충청북도
태백,8.911,32.315,0.023,0.012,0.003,0.398,2,강원도
태백,8.911,32.315,0.023,0.012,0.003,0.398,2,강원도
통영,9.688,34.884,0.026,0.015,0.003,0.348,2,경상남도
통영,9.688,34.884,0.026,0.015,0.003,0.348,2,경상남도
통영,9.688,34.884,0.026,0.015,0.003,0.348,2,경상남도
파주,12.934,53.992,0.026,0.021,0.004,0.594,1,경기도
파주,12.934,53.992,0.026,0.021,0.004,0.594,1,경기도
파주,12.934,53.992,0.026,0.021,0.004,0.594,1,경기도
파주,12.934,53.992,0.026,0.021,0.004,0.594,1,경기도
파주,12.934,53.992,0.026,0.021,0.004,0.594,1,경기도
평택,12.147,58.75,0.026,0.022,0.005,0.438,1,경기도
평택,12.147,58.75,0.026,0.022,0.005,0.438,1,경기도
평택,12.147,58.75,0.026,0.022,0.005,0.438,1,경기도
평택,12.147,58.75,0.026,0.022,0.005,0.438,1,경기도
포천,11.73,61.996,0.029,0.021,0.006,0.505,1,경기도
포천,11.73,61.996,0.029,0.021,0.006,0.505,1,경기도
포천,11.73,61.996,0.029,0.021,0.006,0.505,1,경기도
포천,11.73,61.996,0.029,0.021,0.006,0.505,1,경기도
포천,11.73,61.996,0.029,0.021,0.006,0.505,1,경기도
포항,8.712,43.364,0.03,0.015,0.005,0.515,0,경상북도
포항,8.712,43.364,0.03,0.015,0.005,0.515,0,경상북도
포항,8.712,43.364,0.03,0.015,0.005,0.515,0,경상북도
포항,8.712,43.364,0.03,0.015,0.005,0.515,0,경상북도
포항,8.712,43.364,0.03,0.015,0.005,0.515,0,경상북도
하남,11.861,45.705,0.021,0.03,0.004,0.528,1,경기도
하남,11.861,45.705,0.021,0.03,0.004,0.528,1,경기도
하남,11.861,45.705,0.021,0.03,0.004,0.528,1,경기도
하남,11.861,45.705,0.021,0.03,0.004,0.528,1,경기도
하남,11.861,45.705,0.021,0.03,0.004,0.528,1,경기도
하남,11.861,45.705,0.021,0.03,0.004,0.528,1,경기도
화성,11.238,52.523,0.026,0.021,0.004,0.438,0,경기도
화성,11.238,52.523,0.026,0.021,0.004,0.438,0,경기도
화성,11.238,52.523,0.026,0.021,0.004,0.438,0,경기도
화성,11.238,52.523,0.026,0.021,0.004,0.438,0,경기도
