City,pm25,pm10,o3,no2,so2,co,Cluster,District_강원도,District_경기도,District_경상남도,District_경상북도,District_광주광역시,District_대구광역시,District_대전광역시,District_부산광역시,District_서울특별시,District_세종특별자치시,District_울산광역시,District_인천광역시,District_전라남도,District_전라북도,District_제주특별자치도,District_충청남도,District_충청북도
강릉,11.194,41.244,0.03,0.014,0.004,0.45,0,1,0,0,0,0,0,0,0,0,0,0,0,0,0,0,0,0
강릉,11.194,41.244,0.03,0.014,0.004,0.45,0,1,0,0,0,0,0,0,0,0,0,0,0,0,0,0,0,0
강릉,11.194,41.244,0.03,0.014,0.004,0.45,0,1,0,0,0,0,0,0,0,0,0,0,0,0,0,0,0,0
강릉,11.194,41.244,0.03,0.014,0.004,0.45,0,1,0,0,0,0,0,0,0,0,0,0,0,0,0,0,0,0
강릉,11.194,41.244,0.03,0.014,0.004,0.45,0,1,0,0,0,0,0,0,0,0,0,0,0,0,0,0,0,0
강릉,11.194,41.244,0.03,0.014,0.004,0.45,0,1,0,0,0,0,0,0,0,0,0,0,0,0,0,0,0,0
거제,11.538,37.596,0.032,0.014,0.004,0.415,0,0,0,1,0,0,0,0,0,0,0,0,0,0,0,0,0,0
거제,11.538,37.596,0.032,0.014,0.004,0.415,0,0,0,1,0,0,0,0,0,0,0,0,0,0,0,0,0,0
거제,11.538,37.596,0.032,0.014,0.004,0.415,0,0,0,1,0,0,0,0,0,0,0,0,0,0,0,0,0,0
거제,11.538,37.596,0.032,0.014,0.004,0.415,0,0,0,1,0,0,0,0,0,0,0,0,0,0,0,0,0,0
거제,11.538,37.596,0.032,0.014,0.004,0.415,0,0,0,1,0,0,0,0,0,0,0,0,0,0,0,0,0,0
거제,11.538,37.596,0.032,0.014,0.004,0.415,0,0,0,1,0,0,0,0,0,0,0,0,0,0,0,0,0,0
경산,8.887,39.772,0.026,0.015,0.004,0.431,0,0,0,0,1,0,0,0,0,0,0,0,0,0,0,0,0,0
경산,8.887,39.772,0.026,0.015,0.004,0.431,0,0,0,0,1,0,0,0,0,0,0,0,0,0,0,0,0,0
경산,8.887,39.772,0.026,0.015,0.004,0.431,0,0,0,0,1,0,0,0,0,0,0,0,0,0,0,0,0,0
경산,8.887,39.772,0.026,0.015,0.004,0.431,0,0,0,0,1,0,0,0,0,0,0,0,0,0,0,0,0,0
경주,6.906,39.723,0.027,0.017,0.005,0.395,0,0,0,0,1,0,0,0,0,0,0,0,0,0,0,0,0,0
경주,6.906,39.723,0.027,0.017,0.005,0.395,0,0,0,0,1,0,0,0,0,0,0,0,0,0,0,0,0,0
경주,6.906,39.723,0.027,0.017,0.005,0.395,0,0,0,0,1,0,0,0,0,0,0,0,0,0,0,0,0,0
계룡,7.611,28.088,0.02,0.012,0.003,0.359,2,0,0,0,0,0,0,0,0,0,0,0,0,0,0,0,1,0
계룡,7.611,28.088,0.02,0.012,0.003,0.359,2,0,0,0,0,0,0,0,0,0,0,0,0,0,0,0,1,0
계룡,7.611,28.088,0.02,0.012,0.003,0.359,2,0,0,0,0,0,0,0,0,0,0,0,0,0,0,0,1,0
고양,10.576,52.444,0.025,0.024,0.005,0.467,1,0,1,0,0,0,0,0,0,0,0,0,0,0,0,0,0,0
고양,10.576,52.444,0.025,0.024,0.005,0.467,1,0,1,0,0,0,0,0,0,0,0,0,0,0,0,0,0,0
고양,10.576,52.444,0.025,0.024,0.005,0.467,1,0,1,0,0,0,0,0,0,0,0,0,0,0,0,0,0,0
고양,10.576,52.444,0.025,0.024,0.005,0.467,1,0,1,0,0,0,0,0,0,0,0,0,0,0,0,0,0,0
공주,8.884,28.614,0.019,0.011,0.003,0.329,2,0,0,0,0,0,0,0,0,0,0,0,0,0,0,0,1,0
공주,8.884,28.614,0.019,0.011,0.003,0.329,2,0,0,0,0,0,0,0,0,0,0,0,0,0,0,0,1,0
공주,8.884,28.614,0.019,0.011,0.003,0.329,2,0,0,0,0,0,0,0,0,0,0,0,0,0,0,0,1,0
공주,8.884,28.614,0.019,0.011,0.003,0.329,2,0,0,0,0,0,0,0,0,0,0,0,0,0,0,0,1,0
과천,10.352,47.098,0.022,0.03,0.004,0.611,1,0,1,0,0,0,0,0,0,0,0,0,0,0,0,0,0,0
과천,10.352,47.098,0.022,0.03,0.004,0.611,1,0,1,0,0,0,0,0,0,0,0,0,0,0,0,0,0,0
과천,10.352,47.098,0.022,0.03,0.004,0.611,1,0,1,0,0,0,0,0,0,0,0,0,0,0,0,0,0,0
과천,10.352,47.098,0.022,0.03,0.004,0.611,1,0,1,0,0,0,0,0,0,0,0,0,0,0,0,0,0,0
과천,10.352,47.098,0.022,0.03,0.004,0.611,1,0,1,0,0,0,0,0,0,0,0,0,0,0,0,0,0,0
광명,11.223,49.538,0.024,0.031,0.004,0.576,1,0,1,0,0,0,0,0,0,0,0,0,0,0,0,0,0,0
광명,11.223,49.538,0.024,0.031,0.004,0.576,1,0,1,0,0,0,0,0,0,0,0,0,0,0,0,0,0,0
광명,11.223,49.538,0.024,0.031,0.004,0.576,1,0,1,0,0,0,0,0,0,0,0,0,0,0,0,0,0,0
광명,11.223,49.538,0.024,0.031,0.004,0.576,1,0,1,0,0,0,0,0,0,0,0,0,0,0,0,0,0,0
광명,11.223,49.538,0.024,0.031,0.004,0.576,1,0,1,0,0,0,0,0,0,0,0,0,0,0,0,0,0,0
광양,11.118,38.523,0.029,0.014,0.006,0.422,0,0,0,0,0,0,0,0,0,0,0,0,0,1,0,0,0,0
광양,11.118,38.523,0.029,0.014,0.006,0.422,0,0,0,0,0,0,0,0,0,0,0,0,0,1,0,0,0,0
광양,11.118,38.523,0.029,0.014,0.006,0.422,0,0,0,0,0,0,0,0,0,0,0,0,0,1,0,0,0,0
광양,11.118,38.523,0.029,0.014,0.006,0.422,0,0,0,0,0,0,0,0,0,0,0,0,0,1,0,0,0,0
광양,11.118,38.523,0.029,0.014,0.006,0.422,0,0,0,0,0,0,0,0,0,0,0,0,0,1,0,0,0,0
광양,11.118,38.523,0.029,0.014,0.006,0.422,0,0,0,0,0,0,0,0,0,0,0,0,0,1,0,0,0,0
광주,11.537,50.628,0.022,0.03,0.005,0.636,1,0,1,0,0,0,0,0,0,0,0,0,0,0,0,0,0,0
광주,11.537,50.628,0.022,0.03,0.005,0.636,1,0,1,0,0,0,0,0,0,0,0,0,0,0,0,0,0,0
광주,11.537,50.628,0.022,0.03,0.005,0.636,1,0,1,0,0,0,0,0,0,0,0,0,0,0,0,0,0,0
광주,11.537,50.628,0.022,0.03,0.005,0.636,1,0,1,0,0,0,0,0,0,0,0,0,0,0,0,0,0,0
광주광역시,12.688,40.364,0.028,0.019,0.003,0.49,0,0,0,0,0,1,0,0,0,0,0,0,0,0,0,0,0,0
광주광역시,12.688,40.364,0.028,0.019,0.003,0.49,0,0,0,0,0,1,0,0,0,0,0,0,0,0,0,0,0,0
광주광역시,12.688,40.364,0.028,0.019,0.003,0.49,0,0,0,0,0,1,0,0,0,0,0,0,0,0,0,0,0,0
광주광역시,12.688,40.364,0.028,0.019,0.003,0.49,0,0,0,0,0,1,0,0,0,0,0,0,0,0,0,0,0,0
광주광역시,12.688,40.364,0.028,0.019,0.003,0.49,0,0,0,0,0,1,0,0,0,0,0,0,0,0,0,0,0,0
광주광역시,12.688,40.364,0.028,0.019,0.003,0.49,0,0,0,0,0,1,0,0,0,0,0,0,0,0,0,0,0,0
구리,14.672,49.272,0.024,0.027,0.004,0.516,1,0,1,0,0,0,0,0,0,0,0,0,0,0,0,0,0,0
구리,14.672,49.272,0.024,0.027,0.004,0.516,1,0,1,0,0,0,0,0,0,0,0,0,0,0,0,0,0,0
구리,14.672,49.272,0.024,0.027,0.004,0.516,1,0,1,0,0,0,0,0,0,0,0,0,0,0,0,0,0,0
구리,14.672,49.272,0.024,0.027,0.004,0.516,1,0,1,0,0,0,0,0,0,0,0,0,0,0,0,0,0,0
구리,14.672,49.272,0.024,0.027,0.004,0.516,1,0,1,0,0,0,0,0,0,0,0,0,0,0,0,0,0,0
구리,14.672,49.272,0.024,0.027,0.004,0.516,1,0,1,0,0,0,0,0,0,0,0,0,0,0,0,0,0,0
구미,9.39,45.72,0.029,0.018,0.004,0.543,0,0,0,0,1,0,0,0,0,0,0,0,0,0,0,0,0,0
구미,9.39,45.72,0.029,0.018,0.004,0.543,0,0,0,0,1,0,0,0,0,0,0,0,0,0,0,0,0,0
구미,9.39,45.72,0.029,0.018,0.004,0.543,0,0,0,0,1,0,0,0,0,0,0,0,0,0,0,0,0,0
구미,9.39,45.72,0.029,0.018,0.004,0.543,0,0,0,0,1,0,0,0,0,0,0,0,0,0,0,0,0,0
구미,9.39,45.72,0.029,0.018,0.004,0.543,0,0,0,0,1,0,0,0,0,0,0,0,0,0,0,0,0,0
군산,13.312,45.824,0.03,0.015,0.005,0.507,0,0,0,0,0,0,0,0,0,0,0,0,0,0,1,0,0,0
군산,13.312,45.824,0.03,0.015,0.005,0.507,0,0,0,0,0,0,0,0,0,0,0,0,0,0,1,0,0,0
군산,13.312,45.824,0.03,0.015,0.005,0.507,0,0,0,0,0,0,0,0,0,0,0,0,0,0,1,0,0,0
군산,13.312,45.824,0.03,0.015,0.005,0.507,0,0,0,0,0,0,0,0,0,0,0,0,0,0,1,0,0,0
군산,13.312,45.824,0.03,0.015,0.005,0.507,0,0,0,0,0,0,0,0,0,0,0,0,0,0,1,0,0,0
군산,13.312,45.824,0.03,0.015,0.005,0.507,0,0,0,0,0,0,0,0,0,0,0,0,0,0,1,0,0,0
군포,10.866,51.606,0.025,0.03,0.004,0.465,1,0,1,0,0,0,0,0,0,0,0,0,0,0,0,0,0,0
군포,10.866,51.606,0.025,0.03,0.004,0.465,1,0,1,0,0,0,0,0,0,0,0,0,0,0,0,0,0,0
군포,10.866,51.606,0.025,0.03,0.004,0.465,1,0,1,0,0,0,0,0,0,0,0,0,0,0,0,0,0,0
군포,10.866,51.606,0.025,0.03,0.004,0.465,1,0,1,0,0,0,0,0,0,0,0,0,0,0,0,0,0,0
김제,13.045,44.244,0.027,0.014,0.003,0.426,0,0,0,0,0,0,0,0,0,0,0,0,0,0,1,0,0,0
김제,13.045,44.244,0.027,0.014,0.003,0.426,0,0,0,0,0,0,0,0,0,0,0,0,0,0,1,0,0,0
김제,13.045,44.244,0.027,0.014,0.003,0.426,0,0,0,0,0,0,0,0,0,0,0,0,0,0,1,0,0,0
김제,13.045,44.244,0.027,0.014,0.003,0.426,0,0,0,0,0,0,0,0,0,0,0,0,0,0,1,0,0,0
김제,13.045,44.244,0.027,0.014,0.003,0.426,0,0,0,0,0,0,0,0,0,0,0,0,0,0,1,0,0,0
김천,12.172,47.526,0.03,0.013,0.004,0.464,0,0,0,0,1,0,0,0,0,0,0,0,0,0,0,0,0,0
김천,12.172,47.526,0.03,0.013,0.004,0.464,0,0,0,0,1,0,0,0,0,0,0,0,0,0,0,0,0,0
김천,12.172,47.526,0.03,0.013,0.004,0.464,0,0,0,0,1,0,0,0,0,0,0,0,0,0,0,0,0,0
김천,12.172,47.526,0.03,0.013,0.004,0.464,0,0,0,0,1,0,0,0,0,0,0,0,0,0,0,0,0,0
김천,12.172,47.526,0.03,0.013,0.004,0.464,0,0,0,0,1,0,0,0,0,0,0,0,0,0,0,0,0,0
김천,12.172,47.526,0.03,0.013,0.004,0.464,0,0,0,0,1,0,0,0,0,0,0,0,0,0,0,0,0,0
김포,14.391,54.182,0.028,0.021,0.004,0.508,1,0,1,0,0,0,0,0,0,0,0,0,0,0,0,0,0,0
김포,14.391,54.182,0.028,0.021,0.004,0.508,1,0,1,0,0,0,0,0,0,0,0,0,0,0,0,0,0,0
김포,14.391,54.182,0.028,0.021,0.004,0.508,1,0,1,0,0,0,0,0,0,0,0,0,0,0,0,0,0,0
김포,14.391,54.182,0.028,0.021,0.004,0.508,1,0,1,0,0,0,0,0,0,0,0,0,0,0,0,0,0,0
김포,14.391,54.182,0.028,0.021,0.004,0.508,1,0,1,0,0,0,0,0,0,0,0,0,0,0,0,0,0,0
김포,14.391,54.182,0.028,0.021,0.004,0.508,1,0,1,0,0,0,0,0,0,0,0,0,0,0,0,0,0,0
김해,10.873,40.136,0.029,0.019,0.004,0.383,0,0,0,1,0,0,0,0,0,0,0,0,0,0,0,0,0,0
김해,10.873,40.136,0.029,0.019,0.004,0.383,0,0,0,1,0,0,0,0,0,0,0,0,0,0,0,0,0,0
김해,10.873,40.136,0.029,0.019,0.004,0.383,0,0,0,1,0,0,0,0,0,0,0,0,0,0,0,0,0,0
김해,10.873,40.136,0.029,0.019,0.004,0.383,0,0,0,1,0,0,0,0,0,0,0,0,0,0,0,0,0,0
김해,10.873,40.136,0.029,0.019,0.004,0.383,0,0,0,1,0,0,0,0,0,0,0,0,0,0,0,0,0,0
김해,10.873,40.136,0.029,0.019,0.004,0.383,0,0,0,1,0,0,0,0,0,0,0,0,0,0,0,0,0,0
나주,9.868,30.888,0.027,0.012,0.004,0.389,2,0,0,0,0,0,0,0,0,0,0,0,0,1,0,0,0,0
나주,9.868,30.888,0.027,0.012,0.004,0.389,2,0,0,0,0,0,0,0,0,0,0,0,0,1,0,0,0,0
나주,9.868,30.888,0.027,0.012,0.004,0.389,2,0,0,0,0,0,0,0,0,0,0,0,0,1,0,0,0,0
남양주,10.441,45.439,0.025,0.024,0.003,0.508,0,0,1,0,0,0,0,0,0,0,0,0,0,0,0,0,0,0
남양주,10.441,45.439,0.025,0.024,0.003,0.508,0,0,1,0,0,0,0,0,0,0,0,0,0,0,0,0,0,0
남양주,10.441,45.439,0.025,0.024,0.003,0.508,0,0,1,0,0,0,0,0,0,0,0,0,0,0,0,0,0,0
남양주,10.441,45.439,0.025,0.024,0.003,0.508,0,0,1,0,0,0,0,0,0,0,0,0,0,0,0,0,0,0
남원,11.195,45.079,0.028,0.013,0.003,0.494,0,0,0,0,0,0,0,0,0,0,0,0,0,0,1,0,0,0
남원,11.195,45.079,0.028,0.013,0.003,0.494,0,0,0,0,0,0,0,0,0,0,0,0,0,0,1,0,0,0
남원,11.195,45.079,0.028,0.013,0.003,0.494,0,0,0,0,0,0,0,0,0,0,0,0,0,0,1,0,0,0
남원,11.195,45.079,0.028,0.013,0.003,0.494,0,0,0,0,0,0,0,0,0,0,0,0,0,0,1,0,0,0
남원,11.195,45.079,0.028,0.013,0.003,0.494,0,0,0,0,0,0,0,0,0,0,0,0,0,0,1,0,0,0
논산,8.165,30.304,0.019,0.012,0.003,0.371,2,0,0,0,0,0,0,0,0,0,0,0,0,0,0,0,1,0
논산,8.165,30.304,0.019,0.012,0.003,0.371,2,0,0,0,0,0,0,0,0,0,0,0,0,0,0,0,1,0
논산,8.165,30.304,0.019,0.012,0.003,0.371,2,0,0,0,0,0,0,0,0,0,0,0,0,0,0,0,1,0
논산,8.165,30.304,0.019,0.012,0.003,0.371,2,0,0,0,0,0,0,0,0,0,0,0,0,0,0,0,1,0
당진,13.842,45.676,0.032,0.013,0.004,0.456,0,0,0,0,0,0,0,0,0,0,0,0,0,0,0,0,1,0
당진,13.842,45.676,0.032,0.013,0.004,0.456,0,0,0,0,0,0,0,0,0,0,0,0,0,0,0,0,1,0
당진,13.842,45.676,0.032,0.013,0.004,0.456,0,0,0,0,0,0,0,0,0,0,0,0,0,0,0,0,1,0
당진,13.842,45.676,0.032,0.013,0.004,0.456,0,0,0,0,0,0,0,0,0,0,0,0,0,0,0,0,1,0
당진,13.842,45.676,0.032,0.013,0.004,0.456,0,0,0,0,0,0,0,0,0,0,0,0,0,0,0,0,1,0
대구광역시,12.622,43.106,0.026,0.021,0.004,0.449,0,0,0,0,0,0,1,0,0,0,0,0,0,0,0,0,0,0
대구광역시,12.622,43.106,0.026,0.021,0.004,0.449,0,0,0,0,0,0,1,0,0,0,0,0,0,0,0,0,0,0
대구광역시,12.622,43.106,0.026,0.021,0.004,0.449,0,0,0,0,0,0,1,0,0,0,0,0,0,0,0,0,0,0
대구광역시,12.622,43.106,0.026,0.021,0.004,0.449,0,0,0,0,0,0,1,0,0,0,0,0,0,0,0,0,0,0
대구광역시,12.622,43.106,0.026,0.021,0.004,0.449,0,0,0,0,0,0,1,0,0,0,0,0,0,0,0,0,0,0
대구광역시,12.622,43.106,0.026,0.021,0.004,0.449,0,0,0,0,0,0,1,0,0,0,0,0,0,0,0,0,0,0
대전광역시,12.188,41.924,0.025,0.02,0.003,0.459,0,0,0,0,0,0,0,1,0,0,0,0,0,0,0,0,0,0
대전광역시,12.188,41.924,0.025,0.02,0.003,0.459,0,0,0,0,0,0,0,1,0,0,0,0,0,0,0,0,0,0
대전광역시,12.188,41.924,0.025,0.02,0.003,0.459,0,0,0,0,0,0,0,1,0,0,0,0,0,0,0,0,0,0
대전광역시,12.188,41.924,0.025,0.02,0.003,0.459,0,0,0,0,0,0,0,1,0,0,0,0,0,0,0,0,0,0
대전광역시,12.188,41.924,0.025,0.02,0.003,0.459,0,0,0,0,0,0,0,1,0,0,0,0,0,0,0,0,0,0
대전광역시,12.188,41.924,0.025,0.02,0.003,0.459,0,0,0,0,0,0,0,1,0,0,0,0,0,0,0,0,0,0
동두천,11.033,57.317,0.027,0.019,0.006,0.48,1,0,1,0,0,0,0,0,0,0,0,0,0,0,0,0,0,0
동두천,11.033,57.317,0.027,0.019,0.006,0.48,1,0,1,0,0,0,0,0,0,0,0,0,0,0,0,0,0,0
동두천,11.033,57.317,0.027,0.019,0.006,0.48,1,0,1,0,0,0,0,0,0,0,0,0,0,0,0,0,0,0
동두천,11.033,57.317,0.027,0.019,0.006,0.48,1,0,1,0,0,0,0,0,0,0,0,0,0,0,0,0,0,0
동해,9.617,36.606,0.029,0.017,0.003,0.536,0,1,0,0,0,0,0,0,0,0,0,0,0,0,0,0,0,0
동해,9.617,36.606,0.029,0.017,0.003,0.536,0,1,0,0,0,0,0,0,0,0,0,0,0,0,0,0,0,0
동해,9.617,36.606,0.029,0.017,0.003,0.536,0,1,0,0,0,0,0,0,0,0,0,0,0,0,0,0,0,0
동해,9.617,36.606,0.029,0.017,0.003,0.536,0,1,0,0,0,0,0,0,0,0,0,0,0,0,0,0,0,0
동해,9.617,36.606,0.029,0.017,0.003,0.536,0,1,0,0,0,0,0,0,0,0,0,0,0,0,0,0,0,0
목포,10.504,38.023,0.032,0.015,0.004,0.545,0,0,0,0,0,0,0,0,0,0,0,0,0,1,0,0,0,0
목포,10.504,38.023,0.032,0.015,0.004,0.545,0,0,0,0,0,0,0,0,0,0,0,0,0,1,0,0,0,0
목포,10.504,38.023,0.032,0.015,0.004,0.545,0,0,0,0,0,0,0,0,0,0,0,0,0,1,0,0,0,0
목포,10.504,38.023,0.032,0.015,0.004,0.545,0,0,0,0,0,0,0,0,0,0,0,0,0,1,0,0,0,0
목포,10.504,38.023,0.032,0.015,0.004,0.545,0,0,0,0,0,0,0,0,0,0,0,0,0,1,0,0,0,0
목포,10.504,38.023,0.032,0.015,0.004,0.545,0,0,0,0,0,0,0,0,0,0,0,0,0,1,0,0,0,0
문경,6.502,32.215,0.022,0.012,0.004,0.369,2,0,0,0,1,0,0,0,0,0,0,0,0,0,0,0,0,0
밀양,10.051,35.058,0.025,0.015,0.003,0.335,2,0,0,1,0,0,0,0,0,0,0,0,0,0,0,0,0,0
밀양,10.051,35.058,0.025,0.015,0.003,0.335,2,0,0,1,0,0,0,0,0,0,0,0,0,0,0,0,0,0
밀양,10.051,35.058,0.025,0.015,0.003,0.335,2,0,0,1,0,0,0,0,0,0,0,0,0,0,0,0,0,0
보령,8.506,28.925,0.021,0.011,0.003,0.353,2,0,0,0,0,0,0,0,0,0,0,0,0,0,0,0,1,0
보령,8.506,28.925,0.021,0.011,0.003,0.353,2,0,0,0,0,0,0,0,0,0,0,0,0,0,0,0,1,0
보령,8.506,28.925,0.021,0.011,0.003,0.353,2,0,0,0,0,0,0,0,0,0,0,0,0,0,0,0,1,0
보령,8.506,28.925,0.021,0.011,0.003,0.353,2,0,0,0,0,0,0,0,0,0,0,0,0,0,0,0,1,0
부산광역시,12.852,43.439,0.029,0.02,0.006,0.384,0,0,0,0,0,0,0,0,1,0,0,0,0,0,0,0,0,0
부산광역시,12.852,43.439,0.029,0.02,0.006,0.384,0,0,0,0,0,0,0,0,1,0,0,0,0,0,0,0,0,0
부산광역시,12.852,43.439,0.029,0.02,0.006,0.384,0,0,0,0,0,0,0,0,1,0,0,0,0,0,0,0,0,0
부산광역시,12.852,43.439,0.029,0.02,0.006,0.384,0,0,0,0,0,0,0,0,1,0,0,0,0,0,0,0,0,0
부산광역시,12.852,43.439,0.029,0.02,0.006,0.384,0,0,0,0,0,0,0,0,1,0,0,0,0,0,0,0,0,0
부산광역시,12.852,43.439,0.029,0.02,0.006,0.384,0,0,0,0,0,0,0,0,1,0,0,0,0,0,0,0,0,0
부천,15.357,53.993,0.023,0.03,0.005,0.528,1,0,1,0,0,0,0,0,0,0,0,0,0,0,0,0,0,0
부천,15.357,53.993,0.023,0.03,0.005,0.528,1,0,1,0,0,0,0,0,0,0,0,0,0,0,0,0,0,0
부천,15.357,53.993,0.023,0.03,0.005,0.528,1,0,1,0,0,0,0,0,0,0,0,0,0,0,0,0,0,0
부천,15.357,53.993,0.023,0.03,0.005,0.528,1,0,1,0,0,0,0,0,0,0,0,0,0,0,0,0,0,0
부천,15.357,53.993,0.023,0.03,0.005,0.528,1,0,1,0,0,0,0,0,0,0,0,0,0,0,0,0,0,0
부천,15.357,53.993,0.023,0.03,0.005,0.528,1,0,1,0,0,0,0,0,0,0,0,0,0,0,0,0,0,0
사천,9.737,33.995,0.028,0.014,0.004,0.406,2,0,0,1,0,0,0,0,0,0,0,0,0,0,0,0,0,0
사천,9.737,33.995,0.028,0.014,0.004,0.406,2,0,0,1,0,0,0,0,0,0,0,0,0,0,0,0,0,0
사천,9.737,33.995,0.028,0.014,0.004,0.406,2,0,0,1,0,0,0,0,0,0,0,0,0,0,0,0,0,0
사천,9.737,33.995,0.028,0.014,0.004,0.406,2,0,0,1,0,0,0,0,0,0,0,0,0,0,0,0,0,0
사천,9.737,33.995,0.028,0.014,0.004,0.406,2,0,0,1,0,0,0,0,0,0,0,0,0,0,0,0,0,0
사천,9.737,33.995,0.028,0.014,0.004,0.406,2,0,0,1,0,0,0,0,0,0,0,0,0,0,0,0,0,0
삼척,9.511,38.538,0.03,0.015,0.004,0.49,0,1,0,0,0,0,0,0,0,0,0,0,0,0,0,0,0,0
삼척,9.511,38.538,0.03,0.015,0.004,0.49,0,1,0,0,0,0,0,0,0,0,0,0,0,0,0,0,0,0
삼척,9.511,38.538,0.03,0.015,0.004,0.49,0,1,0,0,0,0,0,0,0,0,0,0,0,0,0,0,0,0
삼척,9.511,38.538,0.03,0.015,0.004,0.49,0,1,0,0,0,0,0,0,0,0,0,0,0,0,0,0,0,0
삼척,9.511,38.538,0.03,0.015,0.004,0.49,0,1,0,0,0,0,0,0,0,0,0,0,0,0,0,0,0,0
상주,7.668,33.044,0.023,0.012,0.004,0.383,2,0,0,0,1,0,0,0,0,0,0,0,0,0,0,0,0,0
상주,7.668,33.044,0.023,0.012,0.004,0.383,2,0,0,0,1,0,0,0,0,0,0,0,0,0,0,0,0,0
상주,7.668,33.044,0.023,0.012,0.004,0.383,2,0,0,0,1,0,0,0,0,0,0,0,0,0,0,0,0,0
서귀포,8.653,36.75,0.039,0.008,0.002,0.308,-1,0,0,0,0,0,0,0,0,0,0,0,0,0,0,1,0,0
서귀포,8.653,36.75,0.039,0.008,0.002,0.308,-1,0,0,0,0,0,0,0,0,0,0,0,0,0,0,1,0,0
서귀포,8.653,36.75,0.039,0.008,0.002,0.308,-1,0,0,0,0,0,0,0,0,0,0,0,0,0,0,1,0,0
서귀포,8.653,36.75,0.039,0.008,0.002,0.308,-1,0,0,0,0,0,0,0,0,0,0,0,0,0,0,1,0,0
서귀포,8.653,36.75,0.039,0.008,0.002,0.308,-1,0,0,0,0,0,0,0,0,0,0,0,0,0,0,1,0,0
서귀포,8.653,36.75,0.039,0.008,0.002,0.308,-1,0,0,0,0,0,0,0,0,0,0,0,0,0,0,1,0,0
서산,8.681,39.379,0.031,0.017,0.005,0.536,0,0,0,0,0,0,0,0,0,0,0,0,0,0,0,0,1,0
서산,8.681,39.379,0.031,0.017,0.005,0.536,0,0,0,0,0,0,0,0,0,0,0,0,0,0,0,0,1,0
서산,8.681,39.379,0.031,0.017,0.005,0.536,0,0,0,0,0,0,0,0,0,0,0,0,0,0,0,0,1,0
서산,8.681,39.379,0.031,0.017,0.005,0.536,0,0,0,0,0,0,0,0,0,0,0,0,0,0,0,0,1,0
서산,8.681,39.379,0.031,0.017,0.005,0.536,0,0,0,0,0,0,0,0,0,0,0,0,0,0,0,0,1,0
서울특별시,13.148,43.773,0.023,0.031,0.005,0.526,1,0,0,0,0,0,0,0,0,1,0,0,0,0,0,0,0,0
서울특별시,13.148,43.773,0.023,0.031,0.005,0.526,1,0,0,0,0,0,0,0,0,1,0,0,0,0,0,0,0,0
서울특별시,13.148,43.773,0.023,0.031,0.005,0.526,1,0,0,0,0,0,0,0,0,1,0,0,0,0,0,0,0,0
서울특별시,13.148,43.773,0.023,0.031,0.005,0.526,1,0,0,0,0,0,0,0,0,1,0,0,0,0,0,0,0,0
서울특별시,13.148,43.773,0.023,0.031,0.005,0.526,1,0,0,0,0,0,0,0,0,1,0,0,0,0,0,0,0,0
서울특별시,13.148,43.773,0.023,0.031,0.005,0.526,1,0,0,0,0,0,0,0,0,1,0,0,0,0,0,0,0,0
성남,12.543,46.682,0.022,0.033,0.004,0.579,1,0,1,0,0,0,0,0,0,0,0,0,0,0,0,0,0,0
성남,12.543,46.682,0.022,0.033,0.004,0.579,1,0,1,0,0,0,0,0,0,0,0,0,0,0,0,0,0,0
성남,12.543,46.682,0.022,0.033,0.004,0.579,1,0,1,0,0,0,0,0,0,0,0,0,0,0,0,0,0,0
성남,12.543,46.682,0.022,0.033,0.004,0.579,1,0,1,0,0,0,0,0,0,0,0,0,0,0,0,0,0,0
성남,12.543,46.682,0.022,0.033,0.004,0.579,1,0,1,0,0,0,0,0,0,0,0,0,0,0,0,0,0,0
성남,12.543,46.682,0.022,0.033,0.004,0.579,1,0,1,0,0,0,0,0,0,0,0,0,0,0,0,0,0,0
세종특별자치시,13.861,26.781,0.018,0.012,0.002,0.339,2,0,0,0,0,0,0,0,0,0,1,0,0,0,0,0,0,0
세종특별자치시,13.861,26.781,0.018,0.012,0.002,0.339,2,0,0,0,0,0,0,0,0,0,1,0,0,0,0,0,0,0
세종특별자치시,13.861,26.781,0.018,0.012,0.002,0.339,2,0,0,0,0,0,0,0,0,0,1,0,0,0,0,0,0,0
세종특별자치시,13.861,26.781,0.018,0.012,0.002,0.339,2,0,0,0,0,0,0,0,0,0,1,0,0,0,0,0,0,0
세종특별자치시,13.861,26.781,0.018,0.012,0.002,0.339,2,0,0,0,0,0,0,0,0,0,1,0,0,0,0,0,0,0
속초,8.082,32.867,0.023,0.012,0.003,0.408,2,1,0,0,0,0,0,0,0,0,0,0,0,0,0,0,0,0
속초,8.082,32.867,0.023,0.012,0.003,0.408,2,1,0,0,0,0,0,0,0,0,0,0,0,0,0,0,0,0
수원,13.27,47.439,0.023,0.032,0.005,0.623,1,0,1,0,0,0,0,0,0,0,0,0,0,0,0,0,0,0
수원,13.27,47.439,0.023,0.032,0.005,0.623,1,0,1,0,0,0,0,0,0,0,0,0,0,0,0,0,0,0
수원,13.27,47.439,0.023,0.032,0.005,0.623,1,0,1,0,0,0,0,0,0,0,0,0,0,0,0,0,0,0
수원,13.27,47.439,0.023,0.032,0.005,0.623,1,0,1,0,0,0,0,0,0,0,0,0,0,0,0,0,0,0
수원,13.27,47.439,0.023,0.032,0.005,0.623,1,0,1,0,0,0,0,0,0,0,0,0,0,0,0,0,0,0
수원,13.27,47.439,0.023,0.032,0.005,0.623,1,0,1,0,0,0,0,0,0,0,0,0,0,0,0,0,0,0
순천,10.929,34.265,0.031,0.013,0.004,0.492,0,0,0,0,0,0,0,0,0,0,0,0,0,1,0,0,0,0
순천,10.929,34.265,0.031,0.013,0.004,0.492,0,0,0,0,0,0,0,0,0,0,0,0,0,1,0,0,0,0
순천,10.929,34.265,0.031,0.013,0.004,0.492,0,0,0,0,0,0,0,0,0,0,0,0,0,1,0,0,0,0
순천,10.929,34.265,0.031,0.013,0.004,0.492,0,0,0,0,0,0,0,0,0,0,0,0,0,1,0,0,0,0
순천,10.929,34.265,0.031,0.013,0.004,0.492,0,0,0,0,0,0,0,0,0,0,0,0,0,1,0,0,0,0
순천,10.929,34.265,0.031,0.013,0.004,0.492,0,0,0,0,0,0,0,0,0,0,0,0,0,1,0,0,0,0
시흥,11.783,52.856,0.025,0.032,0.007,0.582,-1,0,1,0,0,0,0,0,0,0,0,0,0,0,0,0,0,0
시흥,11.783,52.856,0.025,0.032,0.007,0.582,-1,0,1,0,0,0,0,0,0,0,0,0,0,0,0,0,0,0
시흥,11.783,52.856,0.025,0.032,0.007,0.582,-1,0,1,0,0,0,0,0,0,0,0,0,0,0,0,0,0,0
시흥,11.783,52.856,0.025,0.032,0.007,0.582,-1,0,1,0,0,0,0,0,0,0,0,0,0,0,0,0,0,0
아산,11.124,46.742,0.026,0.019,0.004,0.539,0,0,0,0,0,0,0,0,0,0,0,0,0,0,0,0,1,0
아산,11.124,46.742,0.026,0.019,0.004,0.539,0,0,0,0,0,0,0,0,0,0,0,0,0,0,0,0,1,0
아산,11.124,46.742,0.026,0.019,0.004,0.539,0,0,0,0,0,0,0,0,0,0,0,0,0,0,0,0,1,0
아산,11.124,46.742,0.026,0.019,0.004,0.539,0,0,0,0,0,0,0,0,0,0,0,0,0,0,0,0,1,0
아산,11.124,46.742,0.026,0.019,0.004,0.539,0,0,0,0,0,0,0,0,0,0,0,0,0,0,0,0,1,0
안동,7.947,39.546,0.028,0.014,0.004,0.465,0,0,0,0,1,0,0,0,0,0,0,0,0,0,0,0,0,0
안동,7.947,39.546,0.028,0.014,0.004,0.465,0,0,0,0,1,0,0,0,0,0,0,0,0,0,0,0,0,0
안동,7.947,39.546,0.028,0.014,0.004,0.465,0,0,0,0,1,0,0,0,0,0,0,0,0,0,0,0,0,0
안동,7.947,39.546,0.028,0.014,0.004,0.465,0,0,0,0,1,0,0,0,0,0,0,0,0,0,0,0,0,0
안산,13.369,48.576,0.025,0.029,0.005,0.526,1,0,1,0,0,0,0,0,0,0,0,0,0,0,0,0,0,0
안산,13.369,48.576,0.025,0.029,0.005,0.526,1,0,1,0,0,0,0,0,0,0,0,0,0,0,0,0,0,0
안산,13.369,48.576,0.025,0.029,0.005,0.526,1,0,1,0,0,0,0,0,0,0,0,0,0,0,0,0,0,0
안산,13.369,48.576,0.025,0.029,0.005,0.526,1,0,1,0,0,0,0,0,0,0,0,0,0,0,0,0,0,0
안산,13.369,48.576,0.025,0.029,0.005,0.526,1,0,1,0,0,0,0,0,0,0,0,0,0,0,0,0,0,0
안산,13.369,48.576,0.025,0.029,0.005,0.526,1,0,1,0,0,0,0,0,0,0,0,0,0,0,0,0,0,0
안성,11.98,52.848,0.026,0.016,0.004,0.426,0,0,1,0,0,0,0,0,0,0,0,0,0,0,0,0,0,0
안성,11.98,52.848,0.026,0.016,0.004,0.426,0,0,1,0,0,0,0,0,0,0,0,0,0,0,0,0,0,0
안성,11.98,52.848,0.026,0.016,0.004,0.426,0,0,1,0,0,0,0,0,0,0,0,0,0,0,0,0,0,0
안성,11.98,52.848,0.026,0.016,0.004,0.426,0,0,1,0,0,0,0,0,0,0,0,0,0,0,0,0,0,0
안성,11.98,52.848,0.026,0.016,0.004,0.426,0,0,1,0,0,0,0,0,0,0,0,0,0,0,0,0,0,0
안양,11.132,49.371,0.023,0.031,0.005,0.534,1,0,1,0,0,0,0,0,0,0,0,0,0,0,0,0,0,0
안양,11.132,49.371,0.023,0.031,0.005,0.534,1,0,1,0,0,0,0,0,0,0,0,0,0,0,0,0,0,0
안양,11.132,49.371,0.023,0.031,0.005,0.534,1,0,1,0,0,0,0,0,0,0,0,0,0,0,0,0,0,0
안양,11.132,49.371,0.023,0.031,0.005,0.534,1,0,1,0,0,0,0,0,0,0,0,0,0,0,0,0,0,0
안양,11.132,49.371,0.023,0.031,0.005,0.534,1,0,1,0,0,0,0,0,0,0,0,0,0,0,0,0,0,0
양산,12.631,43.848,0.027,0.021,0.005,0.438,0,0,0,1,0,0,0,0,0,0,0,0,0,0,0,0,0,0
양산,12.631,43.848,0.027,0.021,0.005,0.438,0,0,0,1,0,0,0,0,0,0,0,0,0,0,0,0,0,0
양산,12.631,43.848,0.027,0.021,0.005,0.438,0,0,0,1,0,0,0,0,0,0,0,0,0,0,0,0,0,0
양산,12.631,43.848,0.027,0.021,0.005,0.438,0,0,0,1,0,0,0,0,0,0,0,0,0,0,0,0,0,0
양산,12.631,43.848,0.027,0.021,0.005,0.438,0,0,0,1,0,0,0,0,0,0,0,0,0,0,0,0,0,0
양산,12.631,43.848,0.027,0.021,0.005,0.438,0,0,0,1,0,0,0,0,0,0,0,0,0,0,0,0,0,0
양주,11.124,56.431,0.028,0.018,0.005,0.483,1,0,1,0,0,0,0,0,0,0,0,0,0,0,0,0,0,0
양주,11.124,56.431,0.028,0.018,0.005,0.483,1,0,1,0,0,0,0,0,0,0,0,0,0,0,0,0,0,0
양주,11.124,56.431,0.028,0.018,0.005,0.483,1,0,1,0,0,0,0,0,0,0,0,0,0,0,0,0,0,0
양주,11.124,56.431,0.028,0.018,0.005,0.483,1,0,1,0,0,0,0,0,0,0,0,0,0,0,0,0,0,0
여수,10.171,34.538,0.029,0.018,0.007,0.537,1,0,0,0,0,0,0,0,0,0,0,0,0,1,0,0,0,0
여수,10.171,34.538,0.029,0.018,0.007,0.537,1,0,0,0,0,0,0,0,0,0,0,0,0,1,0,0,0,0
여수,10.171,34.538,0.029,0.018,0.007,0.537,1,0,0,0,0,0,0,0,0,0,0,0,0,1,0,0,0,0
여수,10.171,34.538,0.029,0.018,0.007,0.537,1,0,0,0,0,0,0,0,0,0,0,0,0,1,0,0,0,0
여수,10.171,34.538,0.029,0.018,0.007,0.537,1,0,0,0,0,0,0,0,0,0,0,0,0,1,0,0,0,0
여수,10.171,34.538,0.029,0.018,0.007,0.537,1,0,0,0,0,0,0,0,0,0,0,0,0,1,0,0,0,0
여주,20.013,51.904,0.026,0.018,0.004,0.489,0,0,1,0,0,0,0,0,0,0,0,0,0,0,0,0,0,0
여주,20.013,51.904,0.026,0.018,0.004,0.489,0,0,1,0,0,0,0,0,0,0,0,0,0,0,0,0,0,0
여주,20.013,51.904,0.026,0.018,0.004,0.489,0,0,1,0,0,0,0,0,0,0,0,0,0,0,0,0,0,0
여주,20.013,51.904,0.026,0.018,0.004,0.489,0,0,1,0,0,0,0,0,0,0,0,0,0,0,0,0,0,0
여주,20.013,51.904,0.026,0.018,0.004,0.489,0,0,1,0,0,0,0,0,0,0,0,0,0,0,0,0,0,0
영주,9.444,47.729,0.028,0.015,0.007,0.672,1,0,0,0,1,0,0,0,0,0,0,0,0,0,0,0,0,0
영주,9.444,47.729,0.028,0.015,0.007,0.672,1,0,0,0,1,0,0,0,0,0,0,0,0,0,0,0,0,0
영주,9.444,47.729,0.028,0.015,0.007,0.672,1,0,0,0,1,0,0,0,0,0,0,0,0,0,0,0,0,0
영주,9.444,47.729,0.028,0.015,0.007,0.672,1,0,0,0,1,0,0,0,0,0,0,0,0,0,0,0,0,0
영천,6.934,32.742,0.022,0.012,0.004,0.39,2,0,0,0,1,0,0,0,0,0,0,0,0,0,0,0,0,0
영천,6.934,32.742,0.022,0.012,0.004,0.39,2,0,0,0,1,0,0,0,0,0,0,0,0,0,0,0,0,0
오산,11.26,51.705,0.024,0.029,0.004,0.486,1,0,1,0,0,0,0,0,0,0,0,0,0,0,0,0,0,0
오산,11.26,51.705,0.024,0.029,0.004,0.486,1,0,1,0,0,0,0,0,0,0,0,0,0,0,0,0,0,0
오산,11.26,51.705,0.024,0.029,0.004,0.486,1,0,1,0,0,0,0,0,0,0,0,0,0,0,0,0,0,0
오산,11.26,51.705,0.024,0.029,0.004,0.486,1,0,1,0,0,0,0,0,0,0,0,0,0,0,0,0,0,0
용인,11.37,50.199,0.022,0.03,0.005,0.581,1,0,1,0,0,0,0,0,0,0,0,0,0,0,0,0,0,0
용인,11.37,50.199,0.022,0.03,0.005,0.581,1,0,1,0,0,0,0,0,0,0,0,0,0,0,0,0,0,0
용인,11.37,50.199,0.022,0.03,0.005,0.581,1,0,1,0,0,0,0,0,0,0,0,0,0,0,0,0,0,0
용인,11.37,50.199,0.022,0.03,0.005,0.581,1,0,1,0,0,0,0,0,0,0,0,0,0,0,0,0,0,0
용인,11.37,50.199,0.022,0.03,0.005,0.581,1,0,1,0,0,0,0,0,0,0,0,0,0,0,0,0,0,0
울산광역시,12.286,43.106,0.028,0.022,0.007,0.507,1,0,0,0,0,0,0,0,0,0,0,1,0,0,0,0,0,0
울산광역시,12.286,43.106,0.028,0.022,0.007,0.507,1,0,0,0,0,0,0,0,0,0,0,1,0,0,0,0,0,0
울산광역시,12.286,43.106,0.028,0.022,0.007,0.507,1,0,0,0,0,0,0,0,0,0,0,1,0,0,0,0,0,0
울산광역시,12.286,43.106,0.028,0.022,0.007,0.507,1,0,0,0,0,0,0,0,0,0,0,1,0,0,0,0,0,0
울산광역시,12.286,43.106,0.028,0.022,0.007,0.507,1,0,0,0,0,0,0,0,0,0,0,1,0,0,0,0,0,0
울산광역시,12.286,43.106,0.028,0.022,0.007,0.507,1,0,0,0,0,0,0,0,0,0,0,1,0,0,0,0,0,0
원주,15.655,53.0,0.025,0.021,0.004,0.651,1,1,0,0,0,0,0,0,0,0,0,0,0,0,0,0,0,0
원주,15.655,53.0,0.025,0.021,0.004,0.651,1,1,0,0,0,0,0,0,0,0,0,0,0,0,0,0,0,0
원주,15.655,53.0,0.025,0.021,0.004,0.651,1,1,0,0,0,0,0,0,0,0,0,0,0,0,0,0,0,0
원주,15.655,53.0,0.025,0.021,0.004,0.651,1,1,0,0,0,0,0,0,0,0,0,0,0,0,0,0,0,0
원주,15.655,53.0,0.025,0.021,0.004,0.651,1,1,0,0,0,0,0,0,0,0,0,0,0,0,0,0,0,0
원주,15.655,53.0,0.025,0.021,0.004,0.651,1,1,0,0,0,0,0,0,0,0,0,0,0,0,0,0,0,0
의왕,12.542,50.212,0.022,0.034,0.004,0.654,1,0,1,0,0,0,0,0,0,0,0,0,0,0,0,0,0,0
의왕,12.542,50.212,0.022,0.034,0.004,0.654,1,0,1,0,0,0,0,0,0,0,0,0,0,0,0,0,0,0
의왕,12.542,50.212,0.022,0.034,0.004,0.654,1,0,1,0,0,0,0,0,0,0,0,0,0,0,0,0,0,0
의왕,12.542,50.212,0.022,0.034,0.004,0.654,1,0,1,0,0,0,0,0,0,0,0,0,0,0,0,0,0,0
의왕,12.542,50.212,0.022,0.034,0.004,0.654,1,0,1,0,0,0,0,0,0,0,0,0,0,0,0,0,0,0
의왕,12.542,50.212,0.022,0.034,0.004,0.654,1,0,1,0,0,0,0,0,0,0,0,0,0,0,0,0,0,0
의정부,12.951,48.977,0.025,0.026,0.004,0.576,1,0,1,0,0,0,0,0,0,0,0,0,0,0,0,0,0,0
의정부,12.951,48.977,0.025,0.026,0.004,0.576,1,0,1,0,0,0,0,0,0,0,0,0,0,0,0,0,0,0
의정부,12.951,48.977,0.025,0.026,0.004,0.576,1,0,1,0,0,0,0,0,0,0,0,0,0,0,0,0,0,0
의정부,12.951,48.977,0.025,0.026,0.004,0.576,1,0,1,0,0,0,0,0,0,0,0,0,0,0,0,0,0,0
의정부,12.951,48.977,0.025,0.026,0.004,0.576,1,0,1,0,0,0,0,0,0,0,0,0,0,0,0,0,0,0
의정부,12.951,48.977,0.025,0.026,0.004,0.576,1,0,1,0,0,0,0,0,0,0,0,0,0,0,0,0,0,0
이천,11.624,57.537,0.025,0.021,0.005,0.47,1,0,1,0,0,0,0,0,0,0,0,0,0,0,0,0,0,0
이천,11.624,57.537,0.025,0.021,0.005,0.47,1,0,1,0,0,0,0,0,0,0,0,0,0,0,0,0,0,0
이천,11.624,57.537,0.025,0.021,0.005,0.47,1,0,1,0,0,0,0,0,0,0,0,0,0,0,0,0,0,0
이천,11.624,57.537,0.025,0.021,0.005,0.47,1,0,1,0,0,0,0,0,0,0,0,0,0,0,0,0,0,0
익산,15.837,51.47,0.028,0.016,0.004,0.448,0,0,0,0,0,0,0,0,0,0,0,0,0,0,1,0,0,0
익산,15.837,51.47,0.028,0.016,0.004,0.448,0,0,0,0,0,0,0,0,0,0,0,0,0,0,1,0,0,0
익산,15.837,51.47,0.028,0.016,0.004,0.448,0,0,0,0,0,0,0,0,0,0,0,0,0,0,1,0,0,0
익산,15.837,51.47,0.028,0.016,0.004,0.448,0,0,0,0,0,0,0,0,0,0,0,0,0,0,1,0,0,0
익산,15.837,51.47,0.028,0.016,0.004,0.448,0,0,0,0,0,0,0,0,0,0,0,0,0,0,1,0,0,0
익산,15.837,51.47,0.028,0.016,0.004,0.448,0,0,0,0,0,0,0,0,0,0,0,0,0,0,1,0,0,0
인천광역시,13.246,47.053,0.025,0.026,0.006,0.564,1,0,0,0,0,0,0,0,0,0,0,0,1,0,0,0,0,0
인천광역시,13.246,47.053,0.025,0.026,0.006,0.564,1,0,0,0,0,0,0,0,0,0,0,0,1,0,0,0,0,0
인천광역시,13.246,47.053,0.025,0.026,0.006,0.564,1,0,0,0,0,0,0,0,0,0,0,0,1,0,0,0,0,0
인천광역시,13.246,47.053,0.025,0.026,0.006,0.564,1,0,0,0,0,0,0,0,0,0,0,0,1,0,0,0,0,0
인천광역시,13.246,47.053,0.025,0.026,0.006,0.564,1,0,0,0,0,0,0,0,0,0,0,0,1,0,0,0,0,0
인천광역시,13.246,47.053,0.025,0.026,0.006,0.564,1,0,0,0,0,0,0,0,0,0,0,0,1,0,0,0,0,0
전주,13.013,49.377,0.028,0.017,0.004,0.454,0,0,0,0,0,0,0,0,0,0,0,0,0,0,1,0,0,0
전주,13.013,49.377,0.028,0.017,0.004,0.454,0,0,0,0,0,0,0,0,0,0,0,0,0,0,1,0,0,0
전주,13.013,49.377,0.028,0.017,0.004,0.454,0,0,0,0,0,0,0,0,0,0,0,0,0,0,1,0,0,0
전주,13.013,49.377,0.028,0.017,0.004,0.454,0,0,0,0,0,0,0,0,0,0,0,0,0,0,1,0,0,0
전주,13.013,49.377,0.028,0.017,0.004,0.454,0,0,0,0,0,0,0,0,0,0,0,0,0,0,1,0,0,0
정읍,11.423,47.522,0.026,0.013,0.003,0.375,0,0,0,0,0,0,0,0,0,0,0,0,0,0,1,0,0,0
정읍,11.423,47.522,0.026,0.013,0.003,0.375,0,0,0,0,0,0,0,0,0,0,0,0,0,0,1,0,0,0
정읍,11.423,47.522,0.026,0.013,0.003,0.375,0,0,0,0,0,0,0,0,0,0,0,0,0,0,1,0,0,0
정읍,11.423,47.522,0.026,0.013,0.003,0.375,0,0,0,0,0,0,0,0,0,0,0,0,0,0,1,0,0,0
정읍,11.423,47.522,0.026,0.013,0.003,0.375,0,0,0,0,0,0,0,0,0,0,0,0,0,0,1,0,0,0
제천,12.31,47.756,0.024,0.024,0.005,0.643,1,0,0,0,0,0,0,0,0,0,0,0,0,0,0,0,0,1
제천,12.31,47.756,0.024,0.024,0.005,0.643,1,0,0,0,0,0,0,0,0,0,0,0,0,0,0,0,0,1
제천,12.31,47.756,0.024,0.024,0.005,0.643,1,0,0,0,0,0,0,0,0,0,0,0,0,0,0,0,0,1
제천,12.31,47.756,0.024,0.024,0.005,0.643,1,0,0,0,0,0,0,0,0,0,0,0,0,0,0,0,0,1
제천,12.31,47.756,0.024,0.024,0.005,0.643,1,0,0,0,0,0,0,0,0,0,0,0,0,0,0,0,0,1
제천,12.31,47.756,0.024,0.024,0.005,0.643,1,0,0,0,0,0,0,0,0,0,0,0,0,0,0,0,0,1
진주,11.494,44.402,0.029,0.017,0.004,0.493,0,0,0,1,0,0,0,0,0,0,0,0,0,0,0,0,0,0
진주,11.494,44.402,0.029,0.017,0.004,0.493,0,0,0,1,0,0,0,0,0,0,0,0,0,0,0,0,0,0
진주,11.494,44.402,0.029,0.017,0.004,0.493,0,0,0,1,0,0,0,0,0,0,0,0,0,0,0,0,0,0
진주,11.494,44.402,0.029,0.017,0.004,0.493,0,0,0,1,0,0,0,0,0,0,0,0,0,0,0,0,0,0
진주,11.494,44.402,0.029,0.017,0.004,0.493,0,0,0,1,0,0,0,0,0,0,0,0,0,0,0,0,0,0
진주,11.494,44.402,0.029,0.017,0.004,0.493,0,0,0,1,0,0,0,0,0,0,0,0,0,0,0,0,0,0
창원,10.978,43.76,0.031,0.021,0.004,0.479,0,0,0,1,0,0,0,0,0,0,0,0,0,0,0,0,0,0
창원,10.978,43.76,0.031,0.021,0.004,0.479,0,0,0,1,0,0,0,0,0,0,0,0,0,0,0,0,0,0
창원,10.978,43.76,0.031,0.021,0.004,0.479,0,0,0,1,0,0,0,0,0,0,0,0,0,0,0,0,0,0
창원,10.978,43.76,0.031,0.021,0.004,0.479,0,0,0,1,0,0,0,0,0,0,0,0,0,0,0,0,0,0
창원,10.978,43.76,0.031,0.021,0.004,0.479,0,0,0,1,0,0,0,0,0,0,0,0,0,0,0,0,0,0
창원,10.978,43.76,0.031,0.021,0.004,0.479,0,0,0,1,0,0,0,0,0,0,0,0,0,0,0,0,0,0
창원,10.978,43.76,0.031,0.021,0.004,0.479,0,0,0,1,0,0,0,0,0,0,0,0,0,0,0,0,0,0
창원,10.978,43.76,0.031,0.021,0.004,0.479,0,0,0,1,0,0,0,0,0,0,0,0,0,0,0,0,0,0
창원,10.978,43.76,0.031,0.021,0.004,0.479,0,0,0,1,0,0,0,0,0,0,0,0,0,0,0,0,0,0
창원,10.978,43.76,0.031,0.021,0.004,0.479,0,0,0,1,0,0,0,0,0,0,0,0,0,0,0,0,0,0
창원,10.978,43.76,0.031,0.021,0.004,0.479,0,0,0,1,0,0,0,0,0,0,0,0,0,0,0,0,0,0
창원,10.978,43.76,0.031,0.021,0.004,0.479,0,0,0,1,0,0,0,0,0,0,0,0,0,0,0,0,0,0
천안,10.861,45.889,0.025,0.022,0.004,0.581,1,0,0,0,0,0,0,0,0,0,0,0,0,0,0,0,1,0
천안,10.861,45.889,0.025,0.022,0.004,0.581,1,0,0,0,0,0,0,0,0,0,0,0,0,0,0,0,1,0
천안,10.861,45.889,0.025,0.022,0.004,0.581,1,0,0,0,0,0,0,0,0,0,0,0,0,0,0,0,1,0
천안,10.861,45.889,0.025,0.022,0.004,0.581,1,0,0,0,0,0,0,0,0,0,0,0,0,0,0,0,1,0
천안,10.861,45.889,0.025,0.022,0.004,0.581,1,0,0,0,0,0,0,0,0,0,0,0,0,0,0,0,1,0
천안,10.861,45.889,0.025,0.022,0.004,0.581,1,0,0,0,0,0,0,0,0,0,0,0,0,0,0,0,1,0
청주,18.426,49.065,0.026,0.021,0.004,0.484,0,0,0,0,0,0,0,0,0,0,0,0,0,0,0,0,0,1
청주,18.426,49.065,0.026,0.021,0.004,0.484,0,0,0,0,0,0,0,0,0,0,0,0,0,0,0,0,0,1
청주,18.426,49.065,0.026,0.021,0.004,0.484,0,0,0,0,0,0,0,0,0,0,0,0,0,0,0,0,0,1
청주,18.426,49.065,0.026,0.021,0.004,0.484,0,0,0,0,0,0,0,0,0,0,0,0,0,0,0,0,0,1
청주,18.426,49.065,0.026,0.021,0.004,0.484,0,0,0,0,0,0,0,0,0,0,0,0,0,0,0,0,0,1
청주,18.426,49.065,0.026,0.021,0.004,0.484,0,0,0,0,0,0,0,0,0,0,0,0,0,0,0,0,0,1
춘천,12.746,47.174,0.027,0.016,0.003,0.555,0,1,0,0,0,0,0,0,0,0,0,0,0,0,0,0,0,0
춘천,12.746,47.174,0.027,0.016,0.003,0.555,0,1,0,0,0,0,0,0,0,0,0,0,0,0,0,0,0,0
춘천,12.746,47.174,0.027,0.016,0.003,0.555,0,1,0,0,0,0,0,0,0,0,0,0,0,0,0,0,0,0
춘천,12.746,47.174,0.027,0.016,0.003,0.555,0,1,0,0,0,0,0,0,0,0,0,0,0,0,0,0,0,0
춘천,12.746,47.174,0.027,0.016,0.003,0.555,0,1,0,0,0,0,0,0,0,0,0,0,0,0,0,0,0,0
춘천,12.746,47.174,0.027,0.016,0.003,0.555,0,1,0,0,0,0,0,0,0,0,0,0,0,0,0,0,0,0
충주,12.299,47.51,0.026,0.022,0.004,0.523,0,0,0,0,0,0,0,0,0,0,0,0,0,0,0,0,0,1
충주,12.299,47.51,0.026,0.022,0.004,0.523,0,0,0,0,0,0,0,0,0,0,0,0,0,0,0,0,0,1
충주,12.299,47.51,0.026,0.022,0.004,0.523,0,0,0,0,0,0,0,0,0,0,0,0,0,0,0,0,0,1
충주,12.299,47.51,0.026,0.022,0.004,0.523,0,0,0,0,0,0,0,0,0,0,0,0,0,0,0,0,0,1
충주,12.299,47.51,0.026,0.022,0.004,0.523,0,0,0,0,0,0,0,0,0,0,0,0,0,0,0,0,0,1
충주,12.299,47.51,0.026,0.022,0.004,0.523,0,0,0,0,0,0,0,0,0,0,0,0,0,0,0,0,0,1
태백,8.911,32.315,0.023,0.012,0.003,0.398,2,1,0,0,0,0,0,0,0,0,0,0,0,0,0,0,0,0
태백,8.911,32.315,0.023,0.012,0.003,0.398,2,1,0,0,0,0,0,0,0,0,0,0,0,0,0,0,0,0
통영,9.688,34.884,0.026,0.015,0.003,0.348,2,0,0,1,0,0,0,0,0,0,0,0,0,0,0,0,0,0
통영,9.688,34.884,0.026,0.015,0.003,0.348,2,0,0,1,0,0,0,0,0,0,0,0,0,0,0,0,0,0
통영,9.688,34.884,0.026,0.015,0.003,0.348,2,0,0,1,0,0,0,0,0,0,0,0,0,0,0,0,0,0
파주,12.934,53.992,0.026,0.021,0.004,0.594,1,0,1,0,0,0,0,0,0,0,0,0,0,0,0,0,0,0
파주,12.934,53.992,0.026,0.021,0.004,0.594,1,0,1,0,0,0,0,0,0,0,0,0,0,0,0,0,0,0
파주,12.934,53.992,0.026,0.021,0.004,0.594,1,0,1,0,0,0,0,0,0,0,0,0,0,0,0,0,0,0
파주,12.934,53.992,0.026,0.021,0.004,0.594,1,0,1,0,0,0,0,0,0,0,0,0,0,0,0,0,0,0
파주,12.934,53.992,0.026,0.021,0.004,0.594,1,0,1,0,0,0,0,0,0,0,0,0,0,0,0,0,0,0
평택,12.147,58.75,0.026,0.022,0.005,0.438,1,0,1,0,0,0,0,0,0,0,0,0,0,0,0,0,0,0
평택,12.147,58.75,0.026,0.022,0.005,0.438,1,0,1,0,0,0,0,0,0,0,0,0,0,0,0,0,0,0
평택,12.147,58.75,0.026,0.022,0.005,0.438,1,0,1,0,0,0,0,0,0,0,0,0,0,0,0,0,0,0
평택,12.147,58.75,0.026,0.022,0.005,0.438,1,0,1,0,0,0,0,0,0,0,0,0,0,0,0,0,0,0
포천,11.73,61.996,0.029,0.021,0.006,0.505,1,0,1,0,0,0,0,0,0,0,0,0,0,0,0,0,0,0
포천,11.73,61.996,0.029,0.021,0.006,0.505,1,0,1,0,0,0,0,0,0,0,0,0,0,0,0,0,0,0
포천,11.73,61.996,0.029,0.021,0.006,0.505,1,0,1,0,0,0,0,0,0,0,0,0,0,0,0,0,0,0
포천,11.73,61.996,0.029,0.021,0.006,0.505,1,0,1,0,0,0,0,0,0,0,0,0,0,0,0,0,0,0
포천,11.73,61.996,0.029,0.021,0.006,0.505,1,0,1,0,0,0,0,0,0,0,0,0,0,0,0,0,0,0
포항,8.712,43.364,0.03,0.015,0.005,0.515,0,0,0,0,1,0,0,0,0,0,0,0,0,0,0,0,0,0
포항,8.712,43.364,0.03,0.015,0.005,0.515,0,0,0,0,1,0,0,0,0,0,0,0,0,0,0,0,0,0
포항,8.712,43.364,0.03,0.015,0.005,0.515,0,0,0,0,1,0,0,0,0,0,0,0,0,0,0,0,0,0
포항,8.712,43.364,0.03,0.015,0.005,0.515,0,0,0,0,1,0,0,0,0,0,0,0,0,0,0,0,0,0
포항,8.712,43.364,0.03,0.015,0.005,0.515,0,0,0,0,1,0,0,0,0,0,0,0,0,0,0,0,0,0
하남,11.861,45.705,0.021,0.03,0.004,0.528,1,0,1,0,0,0,0,0,0,0,0,0,0,0,0,0,0,0
하남,11.861,45.705,0.021,0.03,0.004,0.528,1,0,1,0,0,0,0,0,0,0,0,0,0,0,0,0,0,0
하남,11.861,45.705,0.021,0.03,0.004,0.528,1,0,1,0,0,0,0,0,0,0,0,0,0,0,0,0,0,0
하남,11.861,45.705,0.021,0.03,0.004,0.528,1,0,1,0,0,0,0,0,0,0,0,0,0,0,0,0,0,0
하남,11.861,45.705,0.021,0.03,0.004,0.528,1,0,1,0,0,0,0,0,0,0,0,0,0,0,0,0,0,0
하남,11.861,45.705,0.021,0.03,0.004,0.528,1,0,1,0,0,0,0,0,0,0,0,0,0,0,0,0,0,0
화성,11.238,52.523,0.026,0.021,0.004,0.438,0,0,1,0,0,0,0,0,0,0,0,0,0,0,0,0,0,0
화성,11.238,52.523,0.026,0.021,0.004,0.438,0,0,1,0,0,0,0,0,0,0,0,0,0,0,0,0,0,0
화성,11.238,52.523,0.026,0.021,0.004,0.438,0,0,1,0,0,0,0,0,0,0,0,0,0,0,0,0,0,0
화성,11.238,52.523,0.026,0.021,0.004,0.438,0,0,1,0,0,0,0,0,0,0,0,0,0,0,0,0,0,0
