District,City,year,pm25,pm10,so2,o3,no2,co
강원도,강릉,2015,19.75,48.583,0.004,0.03,0.012,0.467
강원도,강릉,2016,27.25,47.25,0.003,0.03,0.014,0.483
강원도,강릉,2017,24.667,43.667,0.003,0.031,0.012,0.425
강원도,강릉,2018,19.5,35.0,0.003,0.034,0.013,0.325
강원도,강릉,2019,18.091,35.455,0.002,0.037,0.012,0.309
강원도,강릉,2020,14.273,29.667,0.002,0.036,0.012,0.458
강원도,강릉,2021,11.25,32.0,0.003,0.036,0.011,0.325
강원도,강릉,2022,13.545,26.818,0.002,0.037,0.01,0.282
강원도,고성,2015,,,,,,
강원도,고성,2016,,,,,,
강원도,고성,2017,,,,,,
강원도,고성,2018,17.0,28.0,0.002,0.024,0.006,0.4
강원도,고성,2019,16.833,32.417,0.002,0.034,0.006,0.425
강원도,고성,2020,13.25,25.083,0.002,0.034,0.005,0.358
강원도,고성,2021,13.25,25.5,0.002,0.033,0.004,0.408
강원도,고성,2022,13.727,21.545,0.002,0.036,0.004,0.373
강원도,동해,2015,,40.083,0.004,0.027,0.018,0.533
강원도,동해,2016,20.75,37.417,0.002,0.027,0.017,0.492
강원도,동해,2017,19.583,35.75,0.003,0.03,0.016,0.475
강원도,동해,2018,19.083,34.167,0.002,0.032,0.016,0.4
강원도,동해,2019,18.75,32.917,0.002,0.032,0.016,0.433
강원도,동해,2020,16.25,25.25,0.002,0.026,0.012,0.408
강원도,동해,2021,16.182,26.909,0.002,0.028,0.012,0.442
강원도,동해,2022,14.0,25.455,0.002,0.037,0.012,0.373
강원도,삼척,2015,,42.083,0.004,0.03,0.019,0.55
강원도,삼척,2016,23.25,43.417,0.003,0.03,0.016,0.483
강원도,삼척,2017,21.583,37.417,0.003,0.03,0.014,0.392
강원도,삼척,2018,18.167,31.833,0.002,0.031,0.014,0.383
강원도,삼척,2019,17.25,31.833,0.002,0.031,0.014,0.358
강원도,삼척,2020,12.917,24.75,0.003,0.027,0.011,0.342
강원도,삼척,2021,10.917,24.0,0.003,0.028,0.011,0.35
강원도,삼척,2022,13.364,22.818,0.002,0.035,0.011,0.327
강원도,속초,2015,,,,,,
강원도,속초,2016,,,,,,
강원도,속초,2017,,,,,,
강원도,속초,2018,,,,,,
강원도,속초,2019,17.083,36.667,0.005,0.039,0.011,0.467
강원도,속초,2020,11.417,32.0,0.004,0.035,0.009,0.417
강원도,속초,2021,12.5,27.667,0.003,0.032,0.009,0.417
강원도,속초,2022,10.727,23.273,0.002,0.033,0.009,0.327
강원도,양구,2015,,,,,,
강원도,양구,2016,,,,,,
강원도,양구,2017,,,,,,
강원도,양구,2018,,,,,,
강원도,양구,2019,20.167,36.667,0.002,0.027,0.009,0.473
강원도,양구,2020,16.917,26.333,0.002,0.029,0.008,0.475
강원도,양구,2021,15.75,29.083,0.002,0.031,0.007,0.483
강원도,양구,2022,13.9,21.818,0.002,0.034,0.007,0.4
강원도,양양,2015,,,,,,
강원도,양양,2016,,,,,,
강원도,양양,2017,,,,,,
강원도,양양,2018,,,,,,
강원도,양양,2019,15.333,30.583,0.002,0.038,0.007,0.45
강원도,양양,2020,13.083,24.167,0.002,0.036,0.006,0.417
강원도,양양,2021,10.917,24.833,0.002,0.039,0.006,0.5
강원도,양양,2022,11.545,22.0,0.002,0.037,0.007,0.409
강원도,영월,2015,,,,,,
강원도,영월,2016,,,,,,
강원도,영월,2017,,,,,,
강원도,영월,2018,,,,,,
강원도,영월,2019,25.583,40.583,0.002,0.031,0.008,0.442
강원도,영월,2020,20.75,32.667,0.003,0.03,0.008,0.433
강원도,영월,2021,13.417,29.667,0.002,0.029,0.008,0.458
강원도,영월,2022,14.636,25.818,0.002,0.032,0.007,0.455
강원도,원주,2015,33.333,57.333,0.005,0.025,0.022,0.692
강원도,원주,2016,35.167,52.0,0.004,0.024,0.022,0.658
강원도,원주,2017,31.75,50.333,0.004,0.028,0.02,0.542
강원도,원주,2018,28.583,43.0,0.003,0.026,0.018,0.475
강원도,원주,2019,26.417,43.917,0.003,0.028,0.017,0.475
강원도,원주,2020,19.917,31.667,0.003,0.026,0.015,0.458
강원도,원주,2021,18.25,34.5,0.003,0.027,0.014,0.433
강원도,원주,2022,17.0,30.909,0.002,0.032,0.014,0.455
강원도,인제,2015,,,,,,
강원도,인제,2016,,,,,,
강원도,인제,2017,,,,,,
강원도,인제,2018,,,,,,
강원도,인제,2019,15.778,26.778,0.002,0.034,0.005,0.456
강원도,인제,2020,15.5,24.75,0.002,0.031,0.005,0.4
강원도,인제,2021,11.667,28.167,0.002,0.032,0.006,0.475
강원도,인제,2022,11.091,23.364,0.002,0.034,0.006,0.336
강원도,정선,2015,,,,,,
강원도,정선,2016,,,,,,
강원도,정선,2017,,,,,,
강원도,정선,2018,,,,,,
강원도,정선,2019,20.25,34.833,0.002,0.035,0.009,0.425
강원도,정선,2020,16.917,30.333,0.002,0.036,0.009,0.4
강원도,정선,2021,11.5,33.167,0.002,0.033,0.008,0.4
강원도,정선,2022,13.6,28.455,0.002,0.035,0.007,0.309
강원도,철원,2015,,,,,,
강원도,철원,2016,,,,,,
강원도,철원,2017,,,,,,
강원도,철원,2018,,,,,,
강원도,철원,2019,21.75,39.083,0.004,0.036,0.008,0.475
강원도,철원,2020,20.417,32.75,0.003,0.034,0.007,0.433
강원도,철원,2021,16.083,34.75,0.004,0.035,0.008,0.433
강원도,철원,2022,14.818,28.727,0.002,0.034,0.007,0.327
강원도,춘천,2015,26.333,53.417,0.004,0.029,0.018,0.608
강원도,춘천,2016,27.0,48.917,0.003,0.028,0.016,0.567
강원도,춘천,2017,24.5,45.5,0.003,0.027,0.016,0.533
강원도,춘천,2018,21.5,40.083,0.003,0.028,0.017,0.492
강원도,춘천,2019,21.583,43.083,0.003,0.028,0.016,0.508
강원도,춘천,2020,19.917,33.5,0.002,0.028,0.012,0.483
강원도,춘천,2021,17.0,33.917,0.003,0.029,0.01,0.467
강원도,춘천,2022,15.182,27.818,0.002,0.034,0.011,0.391
강원도,태백,2015,,,,,,
강원도,태백,2016,,,,,,
강원도,태백,2017,,,,,,
강원도,태백,2018,,,,,,
강원도,태백,2019,20.727,35.364,0.003,0.039,0.009,0.355
강원도,태백,2020,17.917,27.167,0.003,0.037,0.008,0.417
강원도,태백,2021,11.25,24.75,0.003,0.036,0.008,0.35
강원도,태백,2022,11.0,22.364,0.002,0.035,0.008,0.355
강원도,평창,2015,,,,,,
강원도,평창,2016,,,,,,
강원도,평창,2017,,,,,,
강원도,평창,2018,22.667,35.333,0.001,0.029,0.01,0.45
강원도,평창,2019,24.083,41.833,0.002,0.029,0.01,0.375
강원도,평창,2020,16.583,35.0,0.002,0.03,0.01,0.317
강원도,평창,2021,13.25,45.0,0.002,0.029,0.008,0.375
강원도,평창,2022,13.182,24.182,0.002,0.032,0.008,0.336
강원도,홍천,2015,,,,,,
강원도,홍천,2016,,,,,,
강원도,홍천,2017,,,,,,
강원도,홍천,2018,,,,,,
강원도,홍천,2019,22.364,36.182,0.003,0.027,0.014,0.445
강원도,홍천,2020,21.0,36.5,0.003,0.025,0.014,0.467
강원도,홍천,2021,16.583,35.636,0.003,0.026,0.012,0.425
강원도,홍천,2022,16.818,28.182,0.002,0.031,0.011,0.291
강원도,화천,2015,,,,,,
강원도,화천,2016,,,,,,
강원도,화천,2017,,,,,,
강원도,화천,2018,,,,,,
강원도,화천,2019,17.364,32.182,0.001,0.028,0.006,0.491
강원도,화천,2020,16.0,26.417,0.002,0.028,0.007,0.45
강원도,화천,2021,15.364,28.833,0.002,0.028,0.007,0.383
강원도,화천,2022,15.273,26.091,0.002,0.03,0.007,0.345
강원도,횡성,2015,,,,,,
강원도,횡성,2016,,,,,,
강원도,횡성,2017,,,,,,
강원도,횡성,2018,24.0,43.0,0.002,0.014,0.018,0.6
강원도,횡성,2019,25.5,42.417,0.002,0.025,0.012,0.517
강원도,횡성,2020,19.917,32.667,0.002,0.023,0.011,0.417
강원도,횡성,2021,16.417,33.667,0.002,0.025,0.009,0.442
강원도,횡성,2022,15.727,27.455,0.002,0.032,0.01,0.436
경기도,가평,2015,,48.636,0.004,0.025,0.012,0.392
경기도,가평,2016,,47.667,0.004,0.028,0.012,0.425
경기도,가평,2017,20.917,45.167,0.004,0.028,0.013,0.433
경기도,가평,2018,21.0,32.583,0.003,0.028,0.011,0.417
경기도,가평,2019,19.167,32.25,0.003,0.029,0.011,0.467
경기도,가평,2020,17.5,31.25,0.003,0.026,0.011,0.433
경기도,가평,2021,17.833,34.583,0.002,0.027,0.01,0.4
경기도,가평,2022,17.455,29.182,0.002,0.029,0.009,0.409
경기도,고양,2015,,51.667,0.005,0.027,0.023,0.483
경기도,고양,2016,,53.833,0.005,0.026,0.021,0.45
경기도,고양,2017,27.9,54.75,0.005,0.028,0.023,0.45
경기도,고양,2018,25.0,43.583,0.004,0.025,0.021,0.442
경기도,고양,2019,24.917,44.5,0.004,0.029,0.02,0.458
경기도,고양,2020,20.083,39.75,0.003,0.03,0.018,0.45
경기도,고양,2021,20.167,41.5,0.003,0.03,0.02,0.458
경기도,고양,2022,18.636,33.909,0.002,0.031,0.017,0.382
경기도,과천,2015,,46.75,0.004,0.022,0.032,0.608
경기도,과천,2016,23.0,47.5,0.004,0.023,0.03,0.592
경기도,과천,2017,24.167,45.75,0.004,0.025,0.028,0.583
경기도,과천,2018,23.333,41.083,0.003,0.021,0.027,0.558
경기도,과천,2019,22.167,44.417,0.003,0.024,0.028,0.608
경기도,과천,2020,18.833,39.5,0.003,0.026,0.024,0.517
경기도,과천,2021,18.167,43.333,0.002,0.027,0.023,0.533
경기도,과천,2022,17.636,32.182,0.002,0.029,0.02,0.418
경기도,광명,2015,,48.5,0.005,0.024,0.033,0.6
경기도,광명,2016,26.0,52.0,0.004,0.025,0.029,0.55
경기도,광명,2017,27.167,50.167,0.004,0.028,0.032,0.525
경기도,광명,2018,25.333,45.417,0.004,0.023,0.032,0.517
경기도,광명,2019,25.75,48.0,0.004,0.027,0.032,0.542
경기도,광명,2020,21.917,41.167,0.003,0.028,0.023,0.5
경기도,광명,2021,22.0,46.667,0.002,0.029,0.022,0.508
경기도,광명,2022,20.091,37.091,0.002,0.033,0.02,0.473
경기도,광주,2015,,54.917,0.006,0.021,0.034,0.692
경기도,광주,2016,,52.083,0.005,0.022,0.032,0.642
경기도,광주,2017,29.667,54.818,0.004,0.025,0.032,0.608
경기도,광주,2018,27.583,44.833,0.004,0.019,0.028,0.542
경기도,광주,2019,26.333,47.917,0.004,0.023,0.027,0.542
경기도,광주,2020,22.583,40.0,0.002,0.024,0.021,0.442
경기도,광주,2021,21.0,42.25,0.002,0.026,0.017,0.475
경기도,광주,2022,19.727,35.818,0.002,0.03,0.018,0.455
경기도,구리,2015,30.667,52.182,0.004,0.026,0.028,0.5
경기도,구리,2016,33.0,59.25,0.004,0.026,0.027,0.425
경기도,구리,2017,29.583,58.167,0.004,0.027,0.027,0.408
경기도,구리,2018,23.667,42.667,0.003,0.024,0.025,0.392
경기도,구리,2019,25.333,44.833,0.003,0.026,0.024,0.4
경기도,구리,2020,20.417,37.333,0.003,0.027,0.019,0.392
경기도,구리,2021,19.083,39.167,0.003,0.028,0.016,0.342
경기도,구리,2022,17.182,31.818,0.002,0.028,0.015,0.227
경기도,군포,2015,,53.583,0.004,0.023,0.033,0.483
경기도,군포,2016,,50.917,0.005,0.027,0.03,0.458
경기도,군포,2017,25.6,51.083,0.005,0.028,0.029,0.425
경기도,군포,2018,26.167,45.667,0.004,0.023,0.03,0.458
경기도,군포,2019,24.667,49.833,0.004,0.028,0.026,0.475
경기도,군포,2020,20.917,37.25,0.004,0.029,0.023,0.425
경기도,군포,2021,20.5,41.583,0.004,0.028,0.023,0.45
경기도,군포,2022,18.091,34.727,0.002,0.029,0.02,0.364
경기도,김포,2015,27.25,56.167,0.005,0.027,0.023,0.517
경기도,김포,2016,32.917,60.583,0.004,0.028,0.022,0.483
경기도,김포,2017,27.25,63.25,0.004,0.031,0.02,0.425
경기도,김포,2018,23.833,42.833,0.004,0.027,0.019,0.333
경기도,김포,2019,26.0,46.667,0.004,0.031,0.016,0.392
경기도,김포,2020,22.583,40.583,0.003,0.031,0.014,0.417
경기도,김포,2021,24.583,45.167,0.003,0.032,0.016,0.408
경기도,김포,2022,21.0,35.636,0.002,0.035,0.013,0.355
경기도,남양주,2015,,48.167,0.004,0.025,0.023,0.517
경기도,남양주,2016,,44.833,0.003,0.025,0.023,0.5
경기도,남양주,2017,23.667,43.75,0.003,0.026,0.022,0.467
경기도,남양주,2018,23.833,41.083,0.003,0.026,0.021,0.442
경기도,남양주,2019,24.667,43.25,0.003,0.026,0.022,0.492
경기도,남양주,2020,19.75,36.083,0.003,0.026,0.02,0.417
경기도,남양주,2021,18.0,39.167,0.002,0.028,0.017,0.358
경기도,남양주,2022,17.091,32.273,0.002,0.03,0.016,0.327
경기도,동두천,2015,,64.545,0.006,0.03,0.016,0.433
경기도,동두천,2016,,55.5,0.005,0.026,0.018,0.483
경기도,동두천,2017,31.2,55.0,0.005,0.03,0.019,0.517
경기도,동두천,2018,24.167,42.917,0.004,0.031,0.016,0.408
경기도,동두천,2019,25.333,43.167,0.004,0.03,0.016,0.408
경기도,동두천,2020,19.0,34.25,0.004,0.027,0.014,0.408
경기도,동두천,2021,15.583,33.0,0.004,0.03,0.014,0.417
경기도,동두천,2022,14.727,29.636,0.003,0.03,0.012,0.318
경기도,부천,2015,32.091,50.75,0.006,0.024,0.029,0.542
경기도,부천,2016,26.083,58.0,0.006,0.024,0.029,0.492
경기도,부천,2017,23.25,48.917,0.006,0.026,0.029,0.483
경기도,부천,2018,27.333,48.667,0.004,0.022,0.027,0.5
경기도,부천,2019,31.583,55.0,0.005,0.025,0.028,0.533
경기도,부천,2020,25.167,45.167,0.004,0.026,0.026,0.483
경기도,부천,2021,24.667,48.25,0.003,0.028,0.025,0.458
경기도,부천,2022,19.182,35.545,0.002,0.029,0.022,0.445
경기도,성남,2015,20.417,50.667,0.005,0.021,0.036,0.6
경기도,성남,2016,23.833,46.167,0.004,0.022,0.035,0.6
경기도,성남,2017,26.083,45.25,0.004,0.026,0.032,0.567
경기도,성남,2018,24.0,42.333,0.004,0.023,0.031,0.517
경기도,성남,2019,23.083,42.75,0.003,0.024,0.03,0.575
경기도,성남,2020,19.75,37.0,0.002,0.025,0.025,0.542
경기도,성남,2021,18.333,38.917,0.002,0.028,0.023,0.525
경기도,성남,2022,17.455,32.545,0.002,0.03,0.02,0.473
경기도,수원,2015,25.0,48.333,0.005,0.023,0.034,0.625
경기도,수원,2016,25.917,52.5,0.004,0.023,0.032,0.633
경기도,수원,2017,25.75,47.833,0.004,0.027,0.032,0.592
경기도,수원,2018,23.667,41.0,0.003,0.023,0.03,0.583
경기도,수원,2019,25.25,43.167,0.003,0.025,0.029,0.6
경기도,수원,2020,20.583,38.167,0.003,0.026,0.025,0.542
경기도,수원,2021,19.25,42.75,0.002,0.029,0.024,0.517
경기도,수원,2022,17.273,35.091,0.002,0.03,0.022,0.445
경기도,시흥,2015,,54.583,0.007,0.025,0.034,0.617
경기도,시흥,2016,,52.417,0.007,0.027,0.034,0.617
경기도,시흥,2017,26.7,52.083,0.007,0.029,0.032,0.583
경기도,시흥,2018,28.417,48.833,0.005,0.024,0.03,0.558
경기도,시흥,2019,30.417,53.5,0.004,0.027,0.029,0.542
경기도,시흥,2020,23.5,41.167,0.004,0.028,0.024,0.492
경기도,시흥,2021,23.833,44.833,0.003,0.029,0.023,0.517
경기도,시흥,2022,21.818,38.182,0.003,0.029,0.021,0.391
경기도,안산,2015,25.667,51.917,0.005,0.026,0.031,0.525
경기도,안산,2016,28.667,51.917,0.005,0.025,0.03,0.492
경기도,안산,2017,26.667,47.917,0.005,0.028,0.027,0.483
경기도,안산,2018,24.0,41.667,0.005,0.025,0.026,0.467
경기도,안산,2019,23.583,44.5,0.004,0.027,0.026,0.508
경기도,안산,2020,18.75,37.167,0.003,0.027,0.023,0.433
경기도,안산,2021,20.083,42.75,0.003,0.029,0.022,0.408
경기도,안산,2022,18.364,35.091,0.003,0.03,0.02,0.373
경기도,안성,2015,,50.091,0.004,0.025,0.014,0.408
경기도,안성,2016,41.0,50.5,0.004,0.025,0.014,0.383
경기도,안성,2017,26.167,55.417,0.004,0.027,0.018,0.375
경기도,안성,2018,29.5,48.583,0.003,0.026,0.016,0.392
경기도,안성,2019,28.0,47.083,0.003,0.032,0.018,0.508
경기도,안성,2020,24.083,40.083,0.002,0.03,0.015,0.425
경기도,안성,2021,22.667,42.75,0.002,0.031,0.013,0.467
경기도,안성,2022,22.182,37.091,0.002,0.032,0.013,0.445
경기도,안양,2015,,48.167,0.005,0.021,0.034,0.508
경기도,안양,2016,26.667,50.417,0.004,0.024,0.03,0.5
경기도,안양,2017,23.75,49.333,0.004,0.026,0.03,0.525
경기도,안양,2018,26.833,46.917,0.004,0.022,0.031,0.508
경기도,안양,2019,24.5,47.833,0.004,0.024,0.029,0.533
경기도,안양,2020,21.917,40.583,0.003,0.026,0.025,0.533
경기도,안양,2021,19.5,43.833,0.003,0.027,0.024,0.483
경기도,안양,2022,19.909,34.273,0.002,0.031,0.02,0.382
경기도,양주,2015,,54.273,0.005,0.032,0.016,0.492
경기도,양주,2016,,52.5,0.004,0.03,0.017,0.492
경기도,양주,2017,29.2,52.917,0.004,0.031,0.017,0.475
경기도,양주,2018,26.5,46.417,0.004,0.032,0.013,0.392
경기도,양주,2019,26.083,44.417,0.003,0.031,0.017,0.417
경기도,양주,2020,20.0,35.25,0.003,0.029,0.015,0.408
경기도,양주,2021,19.667,37.583,0.004,0.03,0.015,0.425
경기도,양주,2022,18.636,31.273,0.002,0.032,0.013,0.327
경기도,양평,2015,23.5,47.0,0.003,0.027,0.016,0.483
경기도,양평,2016,23.75,46.583,0.003,0.028,0.016,0.517
경기도,양평,2017,26.333,45.667,0.003,0.027,0.016,0.458
경기도,양평,2018,23.083,39.5,0.003,0.026,0.015,0.442
경기도,양평,2019,23.167,41.5,0.002,0.027,0.014,0.475
경기도,양평,2020,20.333,36.333,0.002,0.027,0.014,0.467
경기도,양평,2021,19.667,39.25,0.002,0.027,0.013,0.467
경기도,양평,2022,18.364,30.364,0.002,0.031,0.01,0.391
경기도,여주,2015,,57.364,0.005,0.025,0.016,0.467
경기도,여주,2016,35.5,53.583,0.005,0.027,0.021,0.517
경기도,여주,2017,28.417,56.833,0.004,0.026,0.021,0.483
경기도,여주,2018,24.667,43.917,0.004,0.025,0.019,0.508
경기도,여주,2019,31.273,45.417,0.004,0.026,0.019,0.517
경기도,여주,2020,24.75,39.0,0.004,0.029,0.014,0.467
경기도,여주,2021,23.5,44.167,0.003,0.029,0.013,0.392
경기도,여주,2022,22.364,37.909,0.002,0.031,0.013,0.318
경기도,연천,2015,,48.818,0.004,0.03,0.009,0.417
경기도,연천,2016,32.0,46.75,0.004,0.028,0.01,0.4
경기도,연천,2017,25.75,45.5,0.004,0.028,0.01,0.45
경기도,연천,2018,17.833,30.5,0.003,0.028,0.009,0.433
경기도,연천,2019,18.833,35.917,0.003,0.031,0.009,0.45
경기도,연천,2020,15.5,30.083,0.003,0.027,0.009,0.442
경기도,연천,2021,18.417,34.083,0.003,0.028,0.008,0.467
경기도,연천,2022,13.909,23.167,0.002,0.028,0.007,0.391
경기도,오산,2015,,53.0,0.004,0.025,0.03,0.542
경기도,오산,2016,,53.417,0.004,0.025,0.03,0.483
경기도,오산,2017,28.8,49.0,0.004,0.026,0.029,0.483
경기도,오산,2018,27.75,46.583,0.004,0.024,0.028,0.458
경기도,오산,2019,26.5,45.25,0.004,0.026,0.028,0.475
경기도,오산,2020,19.417,34.833,0.003,0.026,0.024,0.408
경기도,오산,2021,18.917,41.083,0.003,0.028,0.025,0.433
경기도,오산,2022,20.091,37.0,0.003,0.03,0.023,0.327
경기도,용인,2015,,54.333,0.005,0.022,0.033,0.625
경기도,용인,2016,25.8,49.333,0.005,0.021,0.03,0.558
경기도,용인,2017,28.333,50.75,0.005,0.023,0.029,0.583
경기도,용인,2018,24.833,42.667,0.004,0.021,0.029,0.525
경기도,용인,2019,26.25,44.167,0.003,0.024,0.026,0.542
경기도,용인,2020,22.083,38.583,0.002,0.026,0.02,0.475
경기도,용인,2021,20.417,40.25,0.002,0.028,0.019,0.492
경기도,용인,2022,20.0,34.818,0.002,0.031,0.017,0.427
경기도,의왕,2015,27.0,50.667,0.005,0.021,0.036,0.667
경기도,의왕,2016,26.25,49.667,0.004,0.022,0.035,0.683
경기도,의왕,2017,25.583,49.417,0.004,0.025,0.033,0.625
경기도,의왕,2018,25.083,43.5,0.003,0.021,0.03,0.583
경기도,의왕,2019,26.75,44.0,0.003,0.024,0.029,0.608
경기도,의왕,2020,22.083,36.5,0.003,0.026,0.024,0.458
경기도,의왕,2021,17.583,38.0,0.002,0.028,0.023,0.517
경기도,의왕,2022,16.182,33.0,0.002,0.031,0.022,0.445
경기도,의정부,2015,46.0,55.083,0.004,0.026,0.027,0.517
경기도,의정부,2016,34.333,49.25,0.004,0.025,0.024,0.508
경기도,의정부,2017,25.917,54.083,0.004,0.027,0.024,0.458
경기도,의정부,2018,23.417,45.833,0.003,0.029,0.018,0.458
경기도,의정부,2019,23.5,43.0,0.004,0.028,0.025,0.567
경기도,의정부,2020,20.0,36.417,0.004,0.026,0.021,0.533
경기도,의정부,2021,18.75,36.5,0.004,0.029,0.021,0.475
경기도,의정부,2022,17.727,31.182,0.003,0.03,0.019,0.309
경기도,이천,2015,,57.818,0.005,0.027,0.021,0.45
경기도,이천,2016,,57.25,0.004,0.025,0.02,0.483
경기도,이천,2017,27.3,54.167,0.005,0.028,0.022,0.433
경기도,이천,2018,27.417,46.167,0.004,0.025,0.021,0.425
경기도,이천,2019,28.0,45.917,0.004,0.028,0.018,0.508
경기도,이천,2020,23.917,38.833,0.004,0.03,0.016,0.458
경기도,이천,2021,22.0,40.583,0.003,0.031,0.015,0.392
경기도,이천,2022,21.455,36.364,0.002,0.03,0.014,0.291
경기도,파주,2015,,57.5,0.005,0.03,0.023,0.625
경기도,파주,2016,30.545,57.75,0.004,0.027,0.023,0.6
경기도,파주,2017,29.167,52.25,0.004,0.029,0.022,0.575
경기도,파주,2018,25.583,44.417,0.003,0.025,0.02,0.55
경기도,파주,2019,28.083,48.5,0.003,0.028,0.021,0.55
경기도,파주,2020,22.583,38.917,0.002,0.028,0.016,0.483
경기도,파주,2021,21.667,42.417,0.002,0.03,0.016,0.492
경기도,파주,2022,18.818,35.091,0.002,0.03,0.014,0.427
경기도,평택,2015,,61.75,0.006,0.026,0.024,0.467
경기도,평택,2016,,63.083,0.006,0.028,0.022,0.45
경기도,평택,2017,32.5,61.917,0.006,0.029,0.024,0.492
경기도,평택,2018,30.083,54.583,0.005,0.026,0.023,0.458
경기도,평택,2019,29.25,53.333,0.005,0.029,0.021,0.4
경기도,평택,2020,22.25,41.75,0.004,0.029,0.019,0.417
경기도,평택,2021,24.083,46.0,0.004,0.031,0.018,0.425
경기도,평택,2022,23.0,40.818,0.003,0.033,0.017,0.327
경기도,포천,2015,,62.909,0.004,0.038,0.028,0.525
경기도,포천,2016,25.333,55.083,0.004,0.028,0.018,0.5
경기도,포천,2017,29.083,48.167,0.004,0.032,0.018,0.475
경기도,포천,2018,25.083,40.583,0.004,0.031,0.013,0.433
경기도,포천,2019,24.583,46.333,0.004,0.031,0.015,0.467
경기도,포천,2020,19.667,40.25,0.003,0.029,0.013,0.442
경기도,포천,2021,19.5,33.917,0.003,0.03,0.011,0.4
경기도,포천,2022,18.545,29.273,0.002,0.032,0.009,0.336
경기도,하남,2015,23.0,48.75,0.004,0.021,0.033,0.517
경기도,하남,2016,21.667,52.25,0.004,0.02,0.035,0.517
경기도,하남,2017,25.75,51.167,0.004,0.025,0.036,0.483
경기도,하남,2018,21.75,48.417,0.004,0.021,0.032,0.458
경기도,하남,2019,20.5,44.5,0.004,0.024,0.03,0.492
경기도,하남,2020,16.083,34.083,0.002,0.023,0.025,0.442
경기도,하남,2021,16.333,42.5,0.002,0.027,0.022,0.425
경기도,하남,2022,16.636,33.364,0.002,0.03,0.022,0.345
경기도,화성,2015,,55.167,0.005,0.027,0.023,0.475
경기도,화성,2016,,56.167,0.005,0.028,0.022,0.4
경기도,화성,2017,24.1,56.333,0.004,0.026,0.021,0.408
경기도,화성,2018,26.583,46.417,0.004,0.026,0.02,0.433
경기도,화성,2019,28.583,47.667,0.005,0.03,0.018,0.467
경기도,화성,2020,22.5,39.167,0.004,0.031,0.017,0.45
경기도,화성,2021,21.917,43.0,0.004,0.032,0.017,0.425
경기도,화성,2022,21.0,36.727,0.003,0.034,0.015,0.345
경상남도,거제,2015,25.083,43.167,0.006,0.036,0.017,0.45
경상남도,거제,2016,24.167,43.0,0.005,0.034,0.015,0.467
경상남도,거제,2017,22.5,40.667,0.005,0.037,0.014,0.483
경상남도,거제,2018,20.182,38.182,0.003,0.037,0.016,0.482
경상남도,거제,2019,18.583,35.083,0.002,0.037,0.016,0.492
경상남도,거제,2020,16.333,30.583,0.003,0.034,0.013,0.433
경상남도,거제,2021,13.5,27.25,0.003,0.036,0.01,0.475
경상남도,거제,2022,13.091,21.727,0.003,0.042,0.009,0.4
경상남도,거창,2015,,,,,,
경상남도,거창,2016,,,,,,
경상남도,거창,2017,,,,,,
경상남도,거창,2018,,,,,,
경상남도,거창,2019,19.0,40.182,0.002,0.033,0.014,0.445
경상남도,거창,2020,18.917,29.917,0.002,0.033,0.012,0.392
경상남도,거창,2021,17.25,31.0,0.002,0.031,0.011,0.325
경상남도,거창,2022,14.778,26.556,0.002,0.032,0.012,0.382
경상남도,고성,2015,,,,,,
경상남도,고성,2016,,,,,,
경상남도,고성,2017,,,,,,
경상남도,고성,2018,,,,,,
경상남도,고성,2019,15.333,38.75,0.003,0.036,0.013,0.417
경상남도,고성,2020,12.917,26.083,0.003,0.037,0.011,0.4
경상남도,고성,2021,15.5,31.333,0.003,0.034,0.011,0.375
경상남도,고성,2022,13.545,26.0,0.003,0.037,0.011,0.409
경상남도,김해,2015,19.0,41.833,0.004,0.028,0.019,0.425
경상남도,김해,2016,22.417,38.167,0.004,0.027,0.021,0.417
경상남도,김해,2017,19.75,36.167,0.004,0.032,0.019,0.392
경상남도,김해,2018,20.083,39.0,0.004,0.029,0.021,0.4
경상남도,김해,2019,20.583,39.167,0.004,0.03,0.018,0.358
경상남도,김해,2020,16.833,30.083,0.003,0.033,0.016,0.375
경상남도,김해,2021,15.667,33.5,0.003,0.033,0.017,0.392
경상남도,김해,2022,15.364,27.364,0.003,0.034,0.016,0.409
경상남도,남해,2015,,,,,,
경상남도,남해,2016,,,,,,
경상남도,남해,2017,,,,,,
경상남도,남해,2018,,,,,,
경상남도,남해,2019,18.833,36.417,0.004,0.039,0.01,0.433
경상남도,남해,2020,14.833,27.2,0.003,0.036,0.009,0.458
경상남도,남해,2021,14.417,30.333,0.003,0.036,0.008,0.4
경상남도,남해,2022,12.909,21.636,0.003,0.037,0.008,0.455
경상남도,밀양,2015,,,,,,
경상남도,밀양,2016,,,,,,
경상남도,밀양,2017,,46.5,0.003,0.018,0.017,0.5
경상남도,밀양,2018,20.25,38.917,0.003,0.032,0.016,0.25
경상남도,밀양,2019,17.667,37.583,0.003,0.034,0.016,0.275
경상남도,밀양,2020,18.083,33.5,0.003,0.032,0.014,0.283
경상남도,밀양,2021,15.583,32.5,0.004,0.033,0.013,0.308
경상남도,밀양,2022,14.727,27.0,0.003,0.036,0.012,0.309
경상남도,사천,2015,20.25,38.167,0.006,0.03,0.015,0.508
경상남도,사천,2016,19.833,39.083,0.004,0.028,0.014,0.367
경상남도,사천,2017,17.75,36.333,0.005,0.032,0.018,0.45
경상남도,사천,2018,16.25,34.5,0.005,0.033,0.014,0.458
경상남도,사천,2019,16.833,32.667,0.004,0.034,0.014,0.417
경상남도,사천,2020,14.25,28.25,0.004,0.034,0.012,0.4
경상남도,사천,2021,13.917,28.833,0.003,0.038,0.01,0.392
경상남도,사천,2022,13.727,25.182,0.003,0.037,0.011,0.427
경상남도,산청,2015,,,,,,
경상남도,산청,2016,,,,,,
경상남도,산청,2017,,,,,,
경상남도,산청,2018,,,,,,
경상남도,산청,2019,17.0,26.0,0.002,0.022,0.014,0.45
경상남도,산청,2020,15.167,23.917,0.003,0.035,0.008,0.35
경상남도,산청,2021,14.667,26.917,0.003,0.036,0.009,0.317
경상남도,산청,2022,16.0,24.636,0.003,0.035,0.009,0.336
경상남도,양산,2015,27.333,47.917,0.005,0.026,0.019,0.417
경상남도,양산,2016,26.333,46.167,0.005,0.025,0.023,0.4
경상남도,양산,2017,25.417,45.25,0.005,0.03,0.023,0.45
경상남도,양산,2018,22.0,44.75,0.005,0.03,0.021,0.508
경상남도,양산,2019,20.417,40.833,0.004,0.031,0.02,0.467
경상남도,양산,2020,18.083,33.5,0.004,0.032,0.018,0.442
경상남도,양산,2021,17.417,31.667,0.003,0.033,0.016,0.458
경상남도,양산,2022,15.455,25.818,0.003,0.033,0.016,0.427
경상남도,의령,2015,,,,,,
경상남도,의령,2016,,,,,,
경상남도,의령,2017,,,,,,
경상남도,의령,2018,,,,,,
경상남도,의령,2019,18.5,27.5,0.003,0.021,0.013,0.45
경상남도,의령,2020,15.083,24.333,0.003,0.035,0.009,0.35
경상남도,의령,2021,13.833,26.917,0.003,0.031,0.008,0.325
경상남도,의령,2022,15.818,23.182,0.003,0.036,0.008,0.336
경상남도,진주,2015,27.25,50.583,0.004,0.029,0.019,0.533
경상남도,진주,2016,25.917,47.917,0.004,0.03,0.018,0.517
경상남도,진주,2017,21.917,43.917,0.005,0.033,0.016,0.525
경상남도,진주,2018,18.333,40.917,0.004,0.031,0.014,0.483
경상남도,진주,2019,17.333,38.667,0.003,0.032,0.014,0.5
경상남도,진주,2020,15.0,30.583,0.004,0.032,0.013,0.442
경상남도,진주,2021,15.333,28.333,0.003,0.03,0.013,0.508
경상남도,진주,2022,15.545,28.364,0.003,0.034,0.013,0.473
경상남도,창녕,2015,,,,,,
경상남도,창녕,2016,,,,,,
경상남도,창녕,2017,,,,,,
경상남도,창녕,2018,,,,,,
경상남도,창녕,2019,21.0,33.5,0.004,0.019,0.019,0.45
경상남도,창녕,2020,18.667,29.167,0.003,0.033,0.013,0.367
경상남도,창녕,2021,17.75,30.417,0.003,0.032,0.013,0.342
경상남도,창녕,2022,16.091,26.636,0.003,0.035,0.012,0.364
경상남도,창원,2015,26.167,45.667,0.004,0.029,0.021,0.467
경상남도,창원,2016,25.583,46.167,0.004,0.029,0.021,0.475
경상남도,창원,2017,24.5,45.083,0.005,0.034,0.021,0.467
경상남도,창원,2018,21.0,44.333,0.004,0.031,0.02,0.45
경상남도,창원,2019,19.167,40.167,0.004,0.032,0.02,0.458
경상남도,창원,2020,16.083,28.583,0.003,0.032,0.017,0.417
경상남도,창원,2021,14.583,28.0,0.003,0.033,0.016,0.425
경상남도,창원,2022,13.727,24.273,0.003,0.035,0.016,0.418
경상남도,통영,2015,,,,,,
경상남도,통영,2016,,,,,,
경상남도,통영,2017,,42.0,0.002,0.012,0.016,0.45
경상남도,통영,2018,20.5,41.417,0.003,0.034,0.016,0.317
경상남도,통영,2019,18.083,40.0,0.003,0.039,0.017,0.342
경상남도,통영,2020,12.667,27.417,0.003,0.036,0.015,0.3
경상남도,통영,2021,13.333,29.5,0.003,0.039,0.014,0.325
경상남도,통영,2022,13.455,26.0,0.003,0.039,0.013,0.427
경상남도,하동,2015,29.583,48.083,0.004,0.033,0.009,0.383
경상남도,하동,2016,23.583,44.833,0.004,0.032,0.01,0.375
경상남도,하동,2017,23.5,45.333,0.004,0.032,0.01,0.417
경상남도,하동,2018,15.917,32.75,0.004,0.032,0.01,0.358
경상남도,하동,2019,16.0,36.667,0.003,0.039,0.008,0.378
경상남도,하동,2020,13.5,27.917,0.003,0.037,0.009,0.383
경상남도,하동,2021,14.9,30.583,0.003,0.038,0.009,0.375
경상남도,하동,2022,15.182,25.091,0.003,0.037,0.009,0.364
경상남도,함안,2015,,,,,,
경상남도,함안,2016,,,,,,
경상남도,함안,2017,,,,,,
경상남도,함안,2018,,,,,,
경상남도,함안,2019,17.909,39.0,0.002,0.033,0.013,0.518
경상남도,함안,2020,17.333,28.833,0.003,0.031,0.011,0.417
경상남도,함안,2021,17.917,30.917,0.002,0.031,0.011,0.408
경상남도,함안,2022,16.091,25.545,0.003,0.032,0.01,0.536
경상남도,함양,2015,,,,,,
경상남도,함양,2016,,,,,,
경상남도,함양,2017,,,,,,
경상남도,함양,2018,,,,,,
경상남도,함양,2019,17.0,35.75,0.002,0.036,0.01,0.4
경상남도,함양,2020,16.417,27.75,0.002,0.035,0.009,0.4
경상남도,함양,2021,15.917,28.083,0.002,0.035,0.009,0.325
경상남도,함양,2022,13.364,24.091,0.003,0.036,0.009,0.364
경상남도,합천,2015,,,,,,
경상남도,합천,2016,,,,,,
경상남도,합천,2017,,,,,,
경상남도,합천,2018,,,,,,
경상남도,합천,2019,16.0,26.5,0.003,0.02,0.012,0.4
경상남도,합천,2020,14.417,25.0,0.003,0.032,0.009,0.342
경상남도,합천,2021,14.636,28.3,0.003,0.035,0.011,0.33
경상남도,합천,2022,16.455,25.273,0.003,0.031,0.009,0.336
경상북도,경산,2015,,49.364,0.004,0.026,0.023,0.467
경상북도,경산,2016,,43.5,0.004,0.024,0.018,0.492
경상북도,경산,2017,24.625,43.333,0.004,0.027,0.014,0.508
경상북도,경산,2018,25.25,42.583,0.004,0.027,0.011,0.508
경상북도,경산,2019,24.0,42.667,0.004,0.029,0.01,0.45
경상북도,경산,2020,21.5,35.083,0.004,0.03,0.008,0.417
경상북도,경산,2021,19.0,35.167,0.004,0.032,0.008,0.458
경상북도,경산,2022,17.364,31.0,0.003,0.034,0.009,0.382
경상북도,경주,2015,,40.818,0.005,0.026,0.021,0.408
경상북도,경주,2016,,27.667,0.005,0.027,0.016,0.392
경상북도,경주,2017,,34.833,0.004,0.028,0.015,0.4
경상북도,경주,2018,20.833,38.667,0.004,0.028,0.018,0.383
경상북도,경주,2019,20.083,36.417,0.004,0.029,0.015,0.342
경상북도,경주,2020,17.333,28.417,0.004,0.032,0.011,0.308
경상북도,경주,2021,16.667,30.333,0.004,0.032,0.011,0.317
경상북도,경주,2022,15.727,26.727,0.003,0.034,0.01,0.291
경상북도,고령,2015,,,,,,
경상북도,고령,2016,,,,,,
경상북도,고령,2017,,,,,,
경상북도,고령,2018,,,,,,
경상북도,고령,2019,15.667,28.667,0.003,0.025,0.01,0.4
경상북도,고령,2020,17.25,29.667,0.004,0.032,0.008,0.383
경상북도,고령,2021,17.25,33.75,0.003,0.033,0.006,0.508
경상북도,고령,2022,14.818,28.545,0.003,0.033,0.006,0.491
경상북도,구미,2015,,46.917,0.006,0.032,0.018,0.683
경상북도,구미,2016,21.125,40.5,0.004,0.031,0.021,0.592
경상북도,구미,2017,23.0,41.583,0.004,0.031,0.017,0.567
경상북도,구미,2018,25.417,48.833,0.003,0.03,0.017,0.492
경상북도,구미,2019,20.0,48.333,0.003,0.032,0.016,0.425
경상북도,구미,2020,18.75,35.833,0.003,0.032,0.015,0.425
경상북도,구미,2021,18.167,38.917,0.003,0.029,0.014,0.425
경상북도,구미,2022,17.727,31.0,0.002,0.033,0.012,0.309
경상북도,군위,2015,,,,,,
경상북도,군위,2016,,,,,,
경상북도,군위,2017,,,,,,
경상북도,군위,2018,,,,,,
경상북도,군위,2019,,,,,,
경상북도,군위,2020,15.583,26.0,0.003,0.033,0.007,0.417
경상북도,군위,2021,14.75,29.917,0.003,0.031,0.006,0.408
경상북도,군위,2022,14.125,25.909,0.002,0.032,0.005,0.245
경상북도,김천,2015,28.429,49.364,0.004,0.031,0.015,0.45
경상북도,김천,2016,30.0,43.583,0.003,0.03,0.012,0.55
경상북도,김천,2017,24.75,40.833,0.003,0.028,0.012,0.508
경상북도,김천,2018,24.75,53.083,0.003,0.033,0.01,0.492
경상북도,김천,2019,23.417,43.833,0.002,0.035,0.012,0.4
경상북도,김천,2020,19.333,33.167,0.003,0.033,0.012,0.45
경상북도,김천,2021,16.833,34.5,0.002,0.032,0.012,0.333
경상북도,김천,2022,15.727,30.545,0.003,0.035,0.011,0.3
경상북도,문경,2015,,,,,,
경상북도,문경,2016,,,,,,
경상북도,문경,2017,,,,,,
경상북도,문경,2018,,,,,,
경상북도,문경,2019,,,,,,
경상북도,문경,2020,16.818,28.636,0.004,0.032,0.014,0.309
경상북도,문경,2021,18.333,32.0,0.004,0.03,0.013,0.342
경상북도,문경,2022,15.273,28.182,0.003,0.031,0.012,0.3
경상북도,봉화,2015,,,,,,
경상북도,봉화,2016,,,,,,
경상북도,봉화,2017,,,,,,
경상북도,봉화,2018,,,,,,
경상북도,봉화,2019,12.625,19.75,0.008,0.031,0.006,0.312
경상북도,봉화,2020,13.167,21.417,0.008,0.032,0.007,0.383
경상북도,봉화,2021,11.167,28.417,0.005,0.029,0.007,0.392
경상북도,봉화,2022,12.818,23.455,0.005,0.03,0.007,0.382
경상북도,상주,2015,,,,,,
경상북도,상주,2016,,,,,,
경상북도,상주,2017,,53.0,0.004,0.023,0.018,0.5
경상북도,상주,2018,21.167,35.5,0.003,0.032,0.012,0.45
경상북도,상주,2019,23.909,40.0,0.003,0.034,0.012,0.408
경상북도,상주,2020,21.083,33.667,0.004,0.036,0.011,0.375
경상북도,상주,2021,20.667,35.75,0.003,0.04,0.01,0.375
경상북도,상주,2022,21.75,28.273,0.002,0.035,0.01,0.364
경상북도,성주,2015,,,,,,
경상북도,성주,2016,,,,,,
경상북도,성주,2017,,,,,,
경상북도,성주,2018,,,,,,
경상북도,성주,2019,,,,,,
경상북도,성주,2020,18.5,27.9,0.002,0.029,0.015,0.48
경상북도,성주,2021,20.167,32.5,0.003,0.028,0.013,0.467
경상북도,성주,2022,18.0,31.636,0.003,0.028,0.013,0.464
경상북도,안동,2015,,40.5,0.004,0.028,0.014,0.475
경상북도,안동,2016,,37.667,0.004,0.027,0.017,0.558
경상북도,안동,2017,22.429,38.833,0.005,0.028,0.015,0.558
경상북도,안동,2018,25.727,38.0,0.004,0.029,0.013,0.582
경상북도,안동,2019,20.091,34.091,0.002,0.034,0.01,0.336
경상북도,안동,2020,17.5,30.75,0.003,0.032,0.012,0.425
경상북도,안동,2021,15.083,35.25,0.002,0.032,0.01,0.458
경상북도,안동,2022,14.364,28.0,0.002,0.034,0.009,0.355
경상북도,영덕,2015,,,,,,
경상북도,영덕,2016,,,,,,
경상북도,영덕,2017,,,,,,
경상북도,영덕,2018,,,,,,
경상북도,영덕,2019,18.0,28.0,0.002,0.031,0.008,0.4
경상북도,영덕,2020,13.75,23.917,0.002,0.037,0.005,0.3
경상북도,영덕,2021,13.5,26.667,0.002,0.036,0.005,0.283
경상북도,영덕,2022,13.364,22.727,0.002,0.039,0.005,0.273
경상북도,영양,2015,,,,,,
경상북도,영양,2016,,,,,,
경상북도,영양,2017,,,,,,
경상북도,영양,2018,,,,,,
경상북도,영양,2019,,,,,,
경상북도,영양,2020,12.5,23.1,0.003,0.036,0.006,0.29
경상북도,영양,2021,12.583,29.0,0.003,0.034,0.005,0.275
경상북도,영양,2022,13.182,25.0,0.002,0.035,0.005,0.245
경상북도,영주,2015,,48.818,0.009,0.03,0.018,0.692
경상북도,영주,2016,,47.25,0.006,0.029,0.016,0.658
경상북도,영주,2017,27.091,44.5,0.006,0.029,0.014,0.708
경상북도,영주,2018,27.5,49.0,0.006,0.029,0.013,0.558
경상북도,영주,2019,25.25,57.917,0.004,0.03,0.016,0.483
경상북도,영주,2020,21.2,34.6,0.003,0.028,0.011,0.517
경상북도,영주,2021,21.333,37.667,0.002,0.028,0.007,0.5
경상북도,영주,2022,21.182,35.364,0.003,0.032,0.01,0.473
경상북도,영천,2015,,,,,,
경상북도,영천,2016,,,,,,
경상북도,영천,2017,,,,,,
경상북도,영천,2018,,,,,,
경상북도,영천,2019,21.667,39.167,0.004,0.033,0.015,0.467
경상북도,영천,2020,17.75,33.583,0.004,0.033,0.012,0.458
경상북도,영천,2021,16.833,32.0,0.003,0.032,0.013,0.45
경상북도,영천,2022,16.818,28.0,0.003,0.034,0.011,0.364
경상북도,예천,2015,,,,,,
경상북도,예천,2016,,,,,,
경상북도,예천,2017,,,,,,
경상북도,예천,2018,,,,,,
경상북도,예천,2019,,,,,,
경상북도,예천,2020,15.1,29.2,0.003,0.039,0.008,0.28
경상북도,예천,2021,16.917,33.667,0.003,0.038,0.008,0.267
경상북도,예천,2022,16.727,30.364,0.002,0.04,0.007,0.236
경상북도,울릉도,2015,,,,,,
경상북도,울릉도,2016,,,,,,
경상북도,울릉도,2017,,,,,,
경상북도,울릉도,2018,,,,,,
경상북도,울릉도,2019,12.6,24.833,0.002,0.039,0.006,0.233
경상북도,울릉도,2020,12.5,25.417,0.002,0.044,0.006,0.267
경상북도,울릉도,2021,10.667,28.417,0.002,0.045,0.006,0.267
경상북도,울릉도,2022,13.273,29.909,0.001,0.046,0.006,0.264
경상북도,울진,2015,,,,,,
경상북도,울진,2016,,,,,,
경상북도,울진,2017,,,,,,
경상북도,울진,2018,,,,,,
경상북도,울진,2019,14.818,28.273,0.003,0.039,0.008,0.373
경상북도,울진,2020,11.417,24.917,0.003,0.037,0.007,0.392
경상북도,울진,2021,13.333,29.833,0.003,0.038,0.006,0.342
경상북도,울진,2022,14.636,27.0,0.002,0.039,0.007,0.291
경상북도,의성,2015,,,,,,
경상북도,의성,2016,,,,,,
경상북도,의성,2017,,,,,,
경상북도,의성,2018,,,,,,
경상북도,의성,2019,,,,,,
경상북도,의성,2020,14.25,24.5,0.004,0.03,0.01,0.467
경상북도,의성,2021,15.667,27.333,0.003,0.029,0.009,0.433
경상북도,의성,2022,14.909,24.909,0.003,0.034,0.007,0.373
경상북도,청도,2015,,,,,,
경상북도,청도,2016,,,,,,
경상북도,청도,2017,,,,,,
경상북도,청도,2018,,,,,,
경상북도,청도,2019,,,,,,
경상북도,청도,2020,17.273,28.545,0.003,0.033,0.009,0.336
경상북도,청도,2021,17.167,31.583,0.003,0.033,0.009,0.358
경상북도,청도,2022,18.0,26.091,0.002,0.034,0.008,0.309
경상북도,청송,2015,,,,,,
경상북도,청송,2016,,,,,,
경상북도,청송,2017,,,,,,
경상북도,청송,2018,,,,,,
경상북도,청송,2019,,,,,,
경상북도,청송,2020,13.2,25.7,0.003,0.035,0.006,0.31
경상북도,청송,2021,13.083,27.833,0.003,0.034,0.006,0.308
경상북도,청송,2022,12.727,26.545,0.002,0.035,0.005,0.3
경상북도,칠곡,2015,,,,,,
경상북도,칠곡,2016,,,,,,
경상북도,칠곡,2017,,94.0,0.005,0.023,0.024,0.6
경상북도,칠곡,2018,21.5,37.0,0.004,0.028,0.018,0.392
경상북도,칠곡,2019,21.917,36.833,0.003,0.03,0.017,0.375
경상북도,칠곡,2020,20.333,33.5,0.003,0.03,0.013,0.342
경상북도,칠곡,2021,20.667,40.083,0.004,0.03,0.016,0.333
경상북도,칠곡,2022,21.375,29.818,0.003,0.031,0.015,0.327
경상북도,포항,2015,,42.5,0.007,0.03,0.017,0.65
경상북도,포항,2016,20.429,38.917,0.005,0.032,0.015,0.533
경상북도,포항,2017,21.417,38.0,0.005,0.032,0.014,0.525
경상북도,포항,2018,23.917,41.583,0.004,0.034,0.014,0.458
경상북도,포항,2019,19.667,39.167,0.004,0.035,0.015,0.442
경상북도,포항,2020,16.5,35.5,0.004,0.034,0.014,0.458
경상북도,포항,2021,16.75,37.917,0.004,0.033,0.013,0.467
경상북도,포항,2022,16.636,33.636,0.003,0.034,0.011,0.391
광주광역시,광주광역시,2015,26.0,41.583,0.003,0.028,0.019,0.475
광주광역시,광주광역시,2016,23.417,40.083,0.003,0.03,0.018,0.475
광주광역시,광주광역시,2017,24.167,40.417,0.002,0.03,0.019,0.45
광주광역시,광주광역시,2018,24.0,40.917,0.003,0.028,0.017,0.508
광주광역시,광주광역시,2019,23.5,42.0,0.003,0.03,0.018,0.458
광주광역시,광주광역시,2020,18.0,29.75,0.003,0.029,0.014,0.408
광주광역시,광주광역시,2021,18.083,33.417,0.003,0.033,0.014,0.492
광주광역시,광주광역시,2022,16.455,27.364,0.003,0.035,0.013,0.382
대구광역시,대구광역시,2015,25.417,45.583,0.003,0.026,0.021,0.417
대구광역시,대구광역시,2016,24.5,43.083,0.004,0.026,0.02,0.408
대구광역시,대구광역시,2017,22.75,41.917,0.003,0.029,0.02,0.442
대구광역시,대구광역시,2018,22.25,39.917,0.003,0.026,0.02,0.417
대구광역시,대구광역시,2019,22.5,39.0,0.003,0.029,0.019,0.458
대구광역시,대구광역시,2020,20.0,34.0,0.002,0.028,0.017,0.442
대구광역시,대구광역시,2021,17.667,35.0,0.002,0.03,0.016,0.383
대구광역시,대구광역시,2022,16.182,29.818,0.002,0.033,0.014,0.345
대전광역시,대전광역시,2015,28.333,45.25,0.004,0.025,0.019,0.475
대전광역시,대전광역시,2016,22.5,43.833,0.003,0.028,0.019,0.483
대전광역시,대전광역시,2017,21.083,45.333,0.003,0.029,0.018,0.442
대전광역시,대전광역시,2018,21.667,43.667,0.002,0.027,0.019,0.433
대전광역시,대전광역시,2019,22.25,41.167,0.003,0.025,0.019,0.417
대전광역시,대전광역시,2020,17.417,32.583,0.002,0.027,0.017,0.4
대전광역시,대전광역시,2021,16.333,35.5,0.003,0.03,0.017,0.467
대전광역시,대전광역시,2022,16.727,30.636,0.003,0.031,0.017,0.427
부산광역시,부산광역시,2015,25.583,45.083,0.007,0.029,0.02,0.375
부산광역시,부산광역시,2016,26.833,43.833,0.006,0.029,0.021,0.4
부산광역시,부산광역시,2017,25.583,43.75,0.005,0.03,0.02,0.358
부산광역시,부산광역시,2018,23.167,41.583,0.005,0.029,0.019,0.35
부산광역시,부산광역시,2019,21.333,36.917,0.005,0.031,0.019,0.383
부산광역시,부산광역시,2020,16.917,30.083,0.004,0.031,0.016,0.383
부산광역시,부산광역시,2021,15.25,31.167,0.003,0.033,0.015,0.333
부산광역시,부산광역시,2022,15.091,26.727,0.003,0.034,0.015,0.327
서울특별시,서울특별시,2015,23.167,45.5,0.006,0.022,0.032,0.525
서울특별시,서울특별시,2016,26.083,47.833,0.005,0.024,0.031,0.525
서울특별시,서울특별시,2017,24.5,43.833,0.005,0.028,0.03,0.525
서울특별시,서울특별시,2018,23.0,39.75,0.004,0.023,0.028,0.508
서울특별시,서울특별시,2019,24.833,41.583,0.004,0.025,0.028,0.542
서울특별시,서울특별시,2020,20.75,35.25,0.003,0.025,0.024,0.483
서울특별시,서울특별시,2021,19.75,38.417,0.003,0.028,0.023,0.467
서울특별시,서울특별시,2022,18.273,32.273,0.003,0.031,0.02,0.418
세종특별자치시,세종특별자치시,2015,,,,,,
세종특별자치시,세종특별자치시,2016,23.375,46.0,0.004,0.028,0.022,0.617
세종특별자치시,세종특별자치시,2017,22.75,46.833,0.003,0.03,0.02,0.533
세종특별자치시,세종특별자치시,2018,21.5,42.0,0.003,0.027,0.019,0.55
세종특별자치시,세종특별자치시,2019,25.833,43.75,0.003,0.028,0.019,0.525
세종특별자치시,세종특별자치시,2020,19.417,35.667,0.003,0.029,0.017,0.483
세종특별자치시,세종특별자치시,2021,18.083,38.833,0.003,0.031,0.016,0.475
세종특별자치시,세종특별자치시,2022,17.455,33.182,0.003,0.033,0.015,0.436
울산광역시,울산광역시,2015,24.667,45.167,0.008,0.028,0.023,0.525
울산광역시,울산광역시,2016,23.167,43.167,0.007,0.027,0.022,0.492
울산광역시,울산광역시,2017,24.75,42.667,0.006,0.03,0.022,0.567
울산광역시,울산광역시,2018,23.167,40.083,0.006,0.028,0.02,0.525
울산광역시,울산광역시,2019,20.333,36.75,0.005,0.031,0.02,0.492
울산광역시,울산광역시,2020,17.0,30.25,0.004,0.032,0.018,0.475
울산광역시,울산광역시,2021,15.25,30.0,0.003,0.033,0.017,0.417
울산광역시,울산광역시,2022,15.636,28.545,0.003,0.035,0.016,0.409
인천광역시,인천광역시,2015,29.167,51.667,0.006,0.025,0.026,0.608
인천광역시,인천광역시,2016,26.417,49.583,0.006,0.026,0.025,0.575
인천광역시,인천광역시,2017,25.0,45.417,0.005,0.027,0.024,0.567
인천광역시,인천광역시,2018,22.25,39.5,0.005,0.025,0.025,0.525
인천광역시,인천광역시,2019,23.25,42.667,0.005,0.029,0.024,0.542
인천광역시,인천광역시,2020,18.083,33.25,0.004,0.029,0.02,0.492
인천광역시,인천광역시,2021,20.5,38.917,0.003,0.031,0.021,0.492
인천광역시,인천광역시,2022,18.909,33.0,0.003,0.033,0.018,0.455
전라남도,강진,2015,,,,,,
전라남도,강진,2016,,,,,,
전라남도,강진,2017,,,,,,
전라남도,강진,2018,,,,,,
전라남도,강진,2019,16.286,25.714,0.003,0.035,0.006,0.3
전라남도,강진,2020,16.333,25.833,0.003,0.039,0.006,0.308
전라남도,강진,2021,15.083,29.0,0.003,0.04,0.007,0.3
전라남도,강진,2022,13.5,23.5,0.003,0.038,0.006,0.3
전라남도,고흥,2015,,,,,,
전라남도,고흥,2016,,,,,,
전라남도,고흥,2017,,,,,,
전라남도,고흥,2018,,,,,,
전라남도,고흥,2019,15.3,27.4,0.002,0.027,0.007,0.49
전라남도,고흥,2020,13.417,24.917,0.002,0.039,0.006,0.425
전라남도,고흥,2021,13.333,30.333,0.002,0.031,0.007,0.417
전라남도,고흥,2022,14.727,25.364,0.003,0.034,0.006,0.364
전라남도,곡성,2015,,,,,,
전라남도,곡성,2016,,,,,,
전라남도,곡성,2017,,,,,,
전라남도,곡성,2018,,,,,,
전라남도,곡성,2019,16.5,30.25,0.003,0.023,0.007,0.525
전라남도,곡성,2020,14.917,29.917,0.002,0.03,0.007,0.542
전라남도,곡성,2021,14.417,32.5,0.002,0.035,0.007,0.45
전라남도,곡성,2022,16.0,28.727,0.002,0.033,0.006,0.382
전라남도,광양,2015,24.833,39.667,0.007,0.028,0.014,0.4
전라남도,광양,2016,23.75,38.417,0.007,0.029,0.014,0.4
전라남도,광양,2017,20.833,36.917,0.006,0.028,0.014,0.433
전라남도,광양,2018,20.75,35.75,0.006,0.027,0.014,0.442
전라남도,광양,2019,18.0,31.583,0.005,0.033,0.013,0.483
전라남도,광양,2020,14.0,26.667,0.004,0.03,0.012,0.425
전라남도,광양,2021,15.083,32.167,0.004,0.03,0.012,0.375
전라남도,광양,2022,14.091,25.636,0.004,0.031,0.01,0.355
전라남도,구례,2015,,,,,,
전라남도,구례,2016,,,,,,
전라남도,구례,2017,,,,,,
전라남도,구례,2018,,,,,,
전라남도,구례,2019,16.0,28.5,0.003,0.021,0.008,0.417
전라남도,구례,2020,18.167,30.167,0.003,0.029,0.009,0.483
전라남도,구례,2021,16.583,33.0,0.003,0.027,0.008,0.408
전라남도,구례,2022,11.091,31.727,0.002,0.026,0.007,0.364
전라남도,나주,2015,,,,,,
전라남도,나주,2016,,,,,,
전라남도,나주,2017,,,,,,
전라남도,나주,2018,23.833,37.083,0.003,0.031,0.012,0.367
전라남도,나주,2019,20.25,34.75,0.003,0.031,0.011,0.392
전라남도,나주,2020,15.5,25.333,0.002,0.04,0.01,0.3
전라남도,나주,2021,14.75,28.167,0.002,0.038,0.011,0.283
전라남도,나주,2022,15.455,24.818,0.002,0.037,0.009,0.227
전라남도,담양,2015,,,,,,
전라남도,담양,2016,,,,,,
전라남도,담양,2017,,,,,,
전라남도,담양,2018,24.0,38.5,0.003,0.023,0.009,0.342
전라남도,담양,2019,23.833,39.0,0.003,0.023,0.008,0.375
전라남도,담양,2020,14.5,36.333,0.003,0.02,0.008,0.275
전라남도,담양,2021,14.25,37.667,0.003,0.022,0.009,0.3
전라남도,담양,2022,16.0,28.182,0.003,0.032,0.008,0.264
전라남도,목포,2015,24.0,38.917,0.004,0.036,0.017,0.633
전라남도,목포,2016,20.417,40.333,0.004,0.036,0.014,0.542
전라남도,목포,2017,19.333,40.25,0.003,0.03,0.013,0.45
전라남도,목포,2018,17.833,38.333,0.003,0.029,0.011,0.558
전라남도,목포,2019,19.917,40.167,0.004,0.033,0.01,0.533
전라남도,목포,2020,14.5,31.083,0.002,0.033,0.01,0.417
전라남도,목포,2021,13.417,37.333,0.002,0.036,0.009,0.408
전라남도,목포,2022,13.0,28.273,0.003,0.037,0.009,0.436
전라남도,무안,2015,,,,,,
전라남도,무안,2016,,,,,,
전라남도,무안,2017,,,,,,
전라남도,무안,2018,,,,,,
전라남도,무안,2019,21.0,38.7,0.004,0.034,0.007,0.39
전라남도,무안,2020,19.167,36.083,0.003,0.034,0.006,0.392
전라남도,무안,2021,18.333,40.917,0.003,0.036,0.007,0.4
전라남도,무안,2022,16.455,30.364,0.002,0.036,0.006,0.409
전라남도,보성,2015,,,,,,
전라남도,보성,2016,,,,,,
전라남도,보성,2017,,,,,,
전라남도,보성,2018,,,,,,
전라남도,보성,2019,14.75,30.0,0.003,0.025,0.008,0.5
전라남도,보성,2020,14.917,29.583,0.002,0.028,0.007,0.542
전라남도,보성,2021,14.75,33.167,0.003,0.029,0.007,0.492
전라남도,보성,2022,14.636,27.545,0.003,0.031,0.007,0.4
전라남도,순천,2015,22.917,35.25,0.004,0.028,0.014,0.55
전라남도,순천,2016,25.0,35.333,0.004,0.03,0.014,0.467
전라남도,순천,2017,19.083,33.5,0.005,0.034,0.012,0.517
전라남도,순천,2018,21.25,34.75,0.004,0.031,0.012,0.492
전라남도,순천,2019,17.833,31.667,0.004,0.038,0.012,0.483
전라남도,순천,2020,14.083,25.583,0.004,0.037,0.011,0.442
전라남도,순천,2021,14.083,28.917,0.003,0.039,0.011,0.367
전라남도,순천,2022,12.727,23.0,0.002,0.041,0.008,0.309
전라남도,신안,2015,,,,,,
전라남도,신안,2016,,,,,,
전라남도,신안,2017,,,,,,
전라남도,신안,2018,,,,,,
전라남도,신안,2019,14.3,28.4,0.004,0.046,0.005,0.31
전라남도,신안,2020,14.0,23.083,0.004,0.043,0.005,0.267
전라남도,신안,2021,15.167,31.833,0.002,0.042,0.004,0.275
전라남도,신안,2022,12.455,24.364,0.002,0.043,0.004,0.227
전라남도,여수,2015,21.417,34.75,0.007,0.029,0.018,0.592
전라남도,여수,2016,21.667,34.5,0.007,0.03,0.019,0.567
전라남도,여수,2017,19.417,32.667,0.006,0.027,0.018,0.55
전라남도,여수,2018,17.917,32.5,0.006,0.029,0.016,0.542
전라남도,여수,2019,17.667,32.0,0.005,0.03,0.013,0.542
전라남도,여수,2020,13.417,25.75,0.004,0.029,0.013,0.508
전라남도,여수,2021,13.417,28.5,0.004,0.033,0.012,0.517
전라남도,여수,2022,14.091,24.727,0.003,0.037,0.011,0.445
전라남도,영광,2015,,,,,,
전라남도,영광,2016,,,,,,
전라남도,영광,2017,,,,,,
전라남도,영광,2018,32.0,50.0,0.003,0.024,0.016,0.5
전라남도,영광,2019,25.917,39.5,0.003,0.041,0.009,0.458
전라남도,영광,2020,20.0,31.917,0.003,0.037,0.01,0.358
전라남도,영광,2021,20.75,38.083,0.003,0.04,0.008,0.358
전라남도,영광,2022,20.273,30.273,0.002,0.039,0.007,0.318
전라남도,영암,2015,31.917,53.833,0.005,0.038,0.014,0.317
전라남도,영암,2016,28.417,41.25,0.004,0.034,0.013,0.358
전라남도,영암,2017,23.917,40.5,0.004,0.033,0.01,0.317
전라남도,영암,2018,23.667,38.167,0.004,0.031,0.011,0.375
전라남도,영암,2019,23.833,40.333,0.004,0.035,0.012,0.45
전라남도,영암,2020,22.417,33.583,0.004,0.03,0.01,0.325
전라남도,영암,2021,20.417,34.75,0.003,0.033,0.009,0.383
전라남도,영암,2022,17.0,32.182,0.003,0.034,0.007,0.382
전라남도,완도,2015,,,,,,
전라남도,완도,2016,,,,,,
전라남도,완도,2017,,,,,,
전라남도,완도,2018,,,,,,
전라남도,완도,2019,15.818,30.727,0.003,0.035,0.006,0.527
전라남도,완도,2020,12.083,23.917,0.002,0.028,0.006,0.433
전라남도,완도,2021,11.583,28.167,0.003,0.032,0.004,0.458
전라남도,완도,2022,12.364,24.273,0.003,0.034,0.005,0.364
전라남도,장성,2015,,,,,,
전라남도,장성,2016,,,,,,
전라남도,장성,2017,,,,,,
전라남도,장성,2018,21.417,34.833,0.003,0.029,0.013,0.375
전라남도,장성,2019,20.917,37.0,0.004,0.03,0.013,0.417
전라남도,장성,2020,17.417,30.5,0.003,0.031,0.011,0.3
전라남도,장성,2021,19.0,36.0,0.003,0.028,0.012,0.225
전라남도,장성,2022,16.818,27.727,0.003,0.031,0.011,0.218
전라남도,장흥,2015,,,,,,
전라남도,장흥,2016,,,,,,
전라남도,장흥,2017,,,,,,
전라남도,장흥,2018,,,,,,
전라남도,장흥,2019,21.75,31.667,0.003,0.039,0.008,0.417
전라남도,장흥,2020,17.75,27.583,0.003,0.037,0.008,0.392
전라남도,장흥,2021,17.583,35.417,0.002,0.041,0.008,0.355
전라남도,장흥,2022,13.182,25.636,0.002,0.038,0.007,0.336
전라남도,진도,2015,,,,,,
전라남도,진도,2016,,,,,,
전라남도,진도,2017,,,,,,
전라남도,진도,2018,,,,,,
전라남도,진도,2019,16.455,30.727,0.003,0.033,0.005,0.527
전라남도,진도,2020,13.75,27.25,0.002,0.031,0.005,0.417
전라남도,진도,2021,11.667,34.167,0.002,0.036,0.005,0.417
전라남도,진도,2022,12.091,24.909,0.002,0.04,0.005,0.382
전라남도,함평,2015,,,,,,
전라남도,함평,2016,,,,,,
전라남도,함평,2017,,,,,,
전라남도,함평,2018,,,,,,
전라남도,함평,2019,21.273,34.818,0.002,0.033,0.009,0.527
전라남도,함평,2020,17.833,30.583,0.002,0.025,0.007,0.533
전라남도,함평,2021,18.583,36.75,0.003,0.034,0.007,0.427
전라남도,함평,2022,15.545,26.818,0.002,0.036,0.007,0.345
전라남도,해남,2015,,,,,,
전라남도,해남,2016,,,,,,
전라남도,해남,2017,,,,,,
전라남도,해남,2018,18.25,31.0,0.007,0.033,0.012,0.438
전라남도,해남,2019,19.583,34.75,0.005,0.038,0.01,0.383
전라남도,해남,2020,16.167,28.667,0.003,0.037,0.009,0.342
전라남도,해남,2021,15.667,34.5,0.003,0.038,0.009,0.36
전라남도,해남,2022,14.818,26.636,0.003,0.039,0.006,0.4
전라남도,화순,2015,,,,,,
전라남도,화순,2016,,,,,,
전라남도,화순,2017,,,,,,
전라남도,화순,2018,,,,,,
전라남도,화순,2019,16.5,31.3,0.003,0.028,0.012,0.58
전라남도,화순,2020,15.917,27.583,0.002,0.026,0.01,0.517
전라남도,화순,2021,13.417,29.5,0.003,0.029,0.01,0.483
전라남도,화순,2022,14.273,26.364,0.003,0.034,0.009,0.4
전라북도,고창,2015,,49.727,0.003,0.039,0.009,0.625
전라북도,고창,2016,32.889,47.333,0.003,0.04,0.01,0.35
전라북도,고창,2017,27.417,42.917,0.004,0.037,0.011,0.7
전라북도,고창,2018,19.167,42.5,0.003,0.036,0.011,0.492
전라북도,고창,2019,21.583,42.083,0.002,0.039,0.009,0.35
전라북도,고창,2020,17.917,27.25,0.003,0.038,0.007,0.275
전라북도,고창,2021,17.667,34.833,0.003,0.038,0.006,0.3
전라북도,고창,2022,15.727,27.818,0.003,0.038,0.005,0.282
전라북도,군산,2015,33.0,45.583,0.004,0.029,0.017,0.533
전라북도,군산,2016,26.917,47.333,0.005,0.03,0.016,0.508
전라북도,군산,2017,27.167,45.25,0.005,0.031,0.014,0.483
전라북도,군산,2018,25.75,42.833,0.004,0.029,0.013,0.533
전라북도,군산,2019,26.917,46.0,0.004,0.033,0.012,0.492
전라북도,군산,2020,20.833,35.0,0.004,0.035,0.01,0.383
전라북도,군산,2021,20.75,42.583,0.003,0.036,0.011,0.367
전라북도,군산,2022,19.727,34.909,0.003,0.038,0.011,0.336
전라북도,김제,2015,,,,,,
전라북도,김제,2016,32.75,49.0,0.003,0.028,0.016,0.55
전라북도,김제,2017,28.75,45.917,0.003,0.036,0.015,0.567
전라북도,김제,2018,24.583,51.083,0.003,0.034,0.015,0.442
전라북도,김제,2019,27.5,45.417,0.002,0.034,0.016,0.383
전라북도,김제,2020,24.333,36.167,0.002,0.034,0.015,0.417
전라북도,김제,2021,24.5,42.917,0.002,0.035,0.014,0.408
전라북도,김제,2022,23.364,35.909,0.002,0.035,0.012,0.382
전라북도,남원,2015,,50.727,0.004,0.032,0.012,0.6
전라북도,남원,2016,25.778,46.417,0.004,0.033,0.014,0.567
전라북도,남원,2017,27.083,43.75,0.003,0.033,0.012,0.583
전라북도,남원,2018,22.0,44.917,0.003,0.033,0.013,0.575
전라북도,남원,2019,23.083,40.083,0.002,0.032,0.012,0.433
전라북도,남원,2020,17.833,27.167,0.002,0.031,0.011,0.375
전라북도,남원,2021,17.917,31.25,0.002,0.033,0.01,0.375
전라북도,남원,2022,17.182,27.909,0.002,0.038,0.008,0.327
전라북도,무주,2015,,,,,,
전라북도,무주,2016,,,,,,
전라북도,무주,2017,,,,,,
전라북도,무주,2018,16.8,26.6,0.003,0.028,0.009,0.38
전라북도,무주,2019,18.833,30.583,0.003,0.033,0.008,0.408
전라북도,무주,2020,17.083,25.917,0.003,0.032,0.008,0.367
전라북도,무주,2021,13.417,31.75,0.003,0.033,0.007,0.35
전라북도,무주,2022,13.636,25.364,0.003,0.033,0.006,0.3
전라북도,부안,2015,31.8,45.125,0.002,0.036,0.011,0.375
전라북도,부안,2016,30.917,47.25,0.004,0.038,0.013,0.483
전라북도,부안,2017,27.25,46.167,0.003,0.038,0.013,0.575
전라북도,부안,2018,24.167,49.0,0.004,0.038,0.014,0.533
전라북도,부안,2019,27.833,46.333,0.003,0.039,0.012,0.542
전라북도,부안,2020,20.5,33.5,0.002,0.038,0.013,0.475
전라북도,부안,2021,23.083,41.25,0.002,0.038,0.012,0.392
전라북도,부안,2022,21.727,34.636,0.002,0.038,0.01,0.391
전라북도,순창,2015,,,,,,
전라북도,순창,2016,,,,,,
전라북도,순창,2017,,,,,,
전라북도,순창,2018,30.0,44.0,0.004,0.019,0.014,0.55
전라북도,순창,2019,25.0,36.667,0.003,0.032,0.009,0.342
전라북도,순창,2020,19.5,30.667,0.003,0.033,0.008,0.317
전라북도,순창,2021,16.583,37.0,0.004,0.031,0.008,0.317
전라북도,순창,2022,15.091,28.091,0.003,0.031,0.007,0.236
전라북도,완주,2015,,,,,,
전라북도,완주,2016,,,,,,
전라북도,완주,2017,,,,,,
전라북도,완주,2018,21.182,39.0,0.003,0.036,0.009,0.491
전라북도,완주,2019,24.083,40.417,0.002,0.036,0.01,0.392
전라북도,완주,2020,21.5,35.333,0.002,0.031,0.011,0.375
전라북도,완주,2021,18.917,36.833,0.002,0.033,0.009,0.342
전라북도,완주,2022,18.364,30.091,0.002,0.034,0.008,0.373
전라북도,익산,2015,39.857,54.667,0.004,0.027,0.017,0.392
전라북도,익산,2016,36.333,55.583,0.005,0.031,0.018,0.467
전라북도,익산,2017,34.917,55.167,0.004,0.029,0.017,0.475
전라북도,익산,2018,28.583,44.833,0.004,0.027,0.014,0.458
전라북도,익산,2019,30.5,48.25,0.003,0.029,0.015,0.375
전라북도,익산,2020,23.083,36.5,0.002,0.03,0.011,0.342
전라북도,익산,2021,20.833,40.083,0.003,0.033,0.01,0.358
전라북도,익산,2022,20.909,36.636,0.003,0.033,0.01,0.345
전라북도,임실,2015,,,,,,
전라북도,임실,2016,,,,,,
전라북도,임실,2017,,,,,,
전라북도,임실,2018,24.0,35.0,0.003,0.02,0.009,0.4
전라북도,임실,2019,24.417,38.167,0.004,0.023,0.007,0.408
전라북도,임실,2020,17.0,25.667,0.004,0.024,0.008,0.383
전라북도,임실,2021,16.583,33.25,0.003,0.032,0.011,0.367
전라북도,임실,2022,16.818,29.545,0.004,0.031,0.009,0.3
전라북도,장수,2015,,,,,,
전라북도,장수,2016,,,,,,
전라북도,장수,2017,,,,,,
전라북도,장수,2018,27.0,36.0,0.003,0.031,0.007,0.4
전라북도,장수,2019,24.636,40.0,0.004,0.039,0.006,0.436
전라북도,장수,2020,18.833,30.091,0.003,0.035,0.007,0.333
전라북도,장수,2021,14.167,29.667,0.003,0.034,0.006,0.325
전라북도,장수,2022,14.636,25.0,0.002,0.036,0.006,0.236
전라북도,전주,2015,,49.25,0.006,0.029,0.018,0.442
전라북도,전주,2016,32.375,54.417,0.005,0.031,0.018,0.442
전라북도,전주,2017,25.25,52.0,0.004,0.032,0.016,0.508
전라북도,전주,2018,28.417,47.083,0.005,0.03,0.016,0.433
전라북도,전주,2019,29.25,46.5,0.004,0.032,0.017,0.45
전라북도,전주,2020,21.667,34.333,0.003,0.032,0.015,0.383
전라북도,전주,2021,19.917,40.083,0.002,0.032,0.015,0.358
전라북도,전주,2022,19.0,33.818,0.002,0.033,0.014,0.373
전라북도,정읍,2015,,52.0,0.002,0.023,0.013,0.275
전라북도,정읍,2016,34.0,52.8,0.003,0.026,0.014,0.33
전라북도,정읍,2017,28.0,41.833,0.003,0.033,0.014,0.6
전라북도,정읍,2018,24.75,42.75,0.003,0.032,0.014,0.458
전라북도,정읍,2019,22.833,42.25,0.002,0.033,0.012,0.383
전라북도,정읍,2020,20.833,32.167,0.002,0.03,0.012,0.383
전라북도,정읍,2021,19.167,36.083,0.002,0.031,0.011,0.367
전라북도,정읍,2022,20.0,32.273,0.002,0.034,0.009,0.336
전라북도,진안,2015,,,,,,
전라북도,진안,2016,,,,,,
전라북도,진안,2017,,,,,,
전라북도,진안,2018,19.545,36.091,0.002,0.027,0.01,0.409
전라북도,진안,2019,23.75,37.583,0.002,0.032,0.01,0.342
전라북도,진안,2020,16.083,31.75,0.002,0.028,0.009,0.308
전라북도,진안,2021,15.75,33.667,0.002,0.029,0.009,0.308
전라북도,진안,2022,16.818,28.636,0.002,0.034,0.008,0.318
제주특별자치도,서귀포,2015,19.0,39.5,0.004,0.038,0.011,0.308
제주특별자치도,서귀포,2016,18.5,36.333,0.002,0.034,0.01,0.283
제주특별자치도,서귀포,2017,19.333,32.0,0.001,0.033,0.008,0.267
제주특별자치도,서귀포,2018,18.917,34.083,0.002,0.039,0.007,0.233
제주특별자치도,서귀포,2019,16.833,32.75,0.002,0.044,0.007,0.25
제주특별자치도,서귀포,2020,15.167,29.167,0.001,0.041,0.006,0.258
제주특별자치도,서귀포,2021,12.917,31.083,0.001,0.044,0.006,0.267
제주특별자치도,서귀포,2022,13.091,26.364,0.001,0.044,0.005,0.264
제주특별자치도,제주특별자치도,2015,23.167,45.75,0.003,0.036,0.011,0.383
제주특별자치도,제주특별자치도,2016,24.083,43.75,0.003,0.034,0.014,0.342
제주특별자치도,제주특별자치도,2017,23.083,40.083,0.003,0.038,0.012,0.3
제주특별자치도,제주특별자치도,2018,19.333,36.0,0.003,0.039,0.012,0.275
제주특별자치도,제주특별자치도,2019,21.25,38.417,0.003,0.044,0.013,0.333
제주특별자치도,제주특별자치도,2020,15.667,32.333,0.002,0.038,0.011,0.342
제주특별자치도,제주특별자치도,2021,14.25,33.167,0.002,0.041,0.009,0.275
제주특별자치도,제주특별자치도,2022,15.091,27.727,0.001,0.04,0.008,0.245
충청남도,계룡,2015,,,,,,
충청남도,계룡,2016,,,,,,
충청남도,계룡,2017,,,,,,
충청남도,계룡,2018,15.7,32.6,0.003,0.034,0.015,0.47
충청남도,계룡,2019,21.333,37.667,0.003,0.033,0.016,0.508
충청남도,계룡,2020,18.5,32.083,0.003,0.028,0.014,0.45
충청남도,계룡,2021,16.909,34.364,0.003,0.028,0.013,0.464
충청남도,계룡,2022,16.818,36.364,0.003,0.036,0.012,0.409
충청남도,공주,2015,,,,,,
충청남도,공주,2016,,,,,,
충청남도,공주,2017,22.5,31.5,0.003,0.02,0.012,0.367
충청남도,공주,2018,22.5,36.333,0.003,0.029,0.011,0.35
충청남도,공주,2019,24.667,41.083,0.003,0.034,0.01,0.408
충청남도,공주,2020,21.333,32.583,0.004,0.03,0.009,0.342
충청남도,공주,2021,21.417,37.417,0.004,0.032,0.01,0.325
충청남도,공주,2022,20.273,32.909,0.003,0.035,0.009,0.291
충청남도,금산,2015,,,,,,
충청남도,금산,2016,,,,,,
충청남도,금산,2017,29.0,46.0,0.004,0.016,0.02,0.5
충청남도,금산,2018,19.5,35.417,0.003,0.03,0.013,0.342
충청남도,금산,2019,23.833,38.917,0.003,0.031,0.012,0.425
충청남도,금산,2020,23.083,37.583,0.003,0.026,0.012,0.392
충청남도,금산,2021,20.417,35.417,0.004,0.03,0.011,0.392
충청남도,금산,2022,18.091,30.091,0.003,0.035,0.01,0.291
충청남도,논산,2015,,,,,,
충청남도,논산,2016,,,,,,
충청남도,논산,2017,20.333,41.714,0.002,0.023,0.016,0.467
충청남도,논산,2018,19.25,40.167,0.003,0.027,0.015,0.492
충청남도,논산,2019,21.75,43.833,0.003,0.031,0.016,0.525
충청남도,논산,2020,19.833,38.75,0.003,0.028,0.014,0.492
충청남도,논산,2021,18.333,39.0,0.003,0.035,0.012,0.467
충청남도,논산,2022,18.545,33.727,0.003,0.034,0.012,0.4
충청남도,당진,2015,,43.75,0.003,0.032,0.013,0.425
충청남도,당진,2016,26.125,51.333,0.004,0.035,0.013,0.383
충청남도,당진,2017,24.333,47.5,0.004,0.031,0.01,0.492
충청남도,당진,2018,25.25,47.0,0.006,0.028,0.016,0.6
충청남도,당진,2019,31.667,54.25,0.006,0.032,0.014,0.575
충청남도,당진,2020,24.167,44.583,0.005,0.034,0.014,0.483
충청남도,당진,2021,24.0,50.0,0.005,0.038,0.014,0.483
충청남도,당진,2022,22.273,42.364,0.004,0.036,0.012,0.445
충청남도,보령,2015,,,,,,
충청남도,보령,2016,,,,,,
충청남도,보령,2017,20.833,36.333,0.003,0.036,0.01,0.383
충청남도,보령,2018,20.833,36.917,0.004,0.036,0.01,0.442
충청남도,보령,2019,23.583,38.417,0.004,0.037,0.01,0.483
충청남도,보령,2020,20.667,35.667,0.004,0.032,0.01,0.425
충청남도,보령,2021,19.833,42.417,0.004,0.044,0.01,0.508
충청남도,보령,2022,19.636,33.818,0.003,0.041,0.009,0.345
충청남도,부여,2015,,,,,,
충청남도,부여,2016,,,,,,
충청남도,부여,2017,20.167,39.5,0.002,0.025,0.014,0.483
충청남도,부여,2018,19.25,40.083,0.003,0.032,0.013,0.492
충청남도,부여,2019,24.083,39.25,0.003,0.033,0.014,0.542
충청남도,부여,2020,22.417,36.833,0.003,0.028,0.013,0.517
충청남도,부여,2021,21.833,45.083,0.003,0.029,0.01,0.408
충청남도,부여,2022,17.182,28.182,0.003,0.035,0.011,0.409
충청남도,서산,2015,,46.75,0.004,0.03,0.02,0.558
충청남도,서산,2016,21.25,42.833,0.004,0.033,0.02,0.525
충청남도,서산,2017,19.917,43.583,0.004,0.033,0.018,0.542
충청남도,서산,2018,18.25,36.583,0.004,0.033,0.016,0.533
충청남도,서산,2019,21.083,38.667,0.005,0.036,0.015,0.6
충청남도,서산,2020,18.833,34.167,0.004,0.036,0.013,0.45
충청남도,서산,2021,19.417,40.667,0.004,0.039,0.014,0.425
충청남도,서산,2022,16.727,32.455,0.003,0.04,0.011,0.391
충청남도,서천,2015,,,,,,
충청남도,서천,2016,,,,,,
충청남도,서천,2017,,,,,,
충청남도,서천,2018,16.4,34.2,0.003,0.037,0.009,0.44
충청남도,서천,2019,22.833,39.25,0.003,0.033,0.009,0.517
충청남도,서천,2020,20.333,35.917,0.003,0.036,0.01,0.425
충청남도,서천,2021,18.167,38.5,0.003,0.039,0.01,0.408
충청남도,서천,2022,16.091,30.182,0.003,0.04,0.009,0.391
충청남도,아산,2015,,37.25,0.004,0.023,0.017,0.733
충청남도,아산,2016,36.333,49.083,0.003,0.031,0.019,0.558
충청남도,아산,2017,26.25,54.417,0.003,0.031,0.023,0.533
충청남도,아산,2018,25.0,45.417,0.004,0.026,0.017,0.425
충청남도,아산,2019,31.333,52.0,0.004,0.028,0.016,0.45
충청남도,아산,2020,25.25,42.083,0.004,0.031,0.015,0.392
충청남도,아산,2021,25.083,46.833,0.004,0.032,0.015,0.383
충청남도,아산,2022,22.091,40.455,0.003,0.034,0.013,0.364
충청남도,예산,2015,,,,,,
충청남도,예산,2016,,,,,,
충청남도,예산,2017,16.5,37.333,0.003,0.033,0.013,0.35
충청남도,예산,2018,20.167,40.25,0.004,0.031,0.014,0.408
충청남도,예산,2019,28.417,43.5,0.004,0.033,0.013,0.5
충청남도,예산,2020,23.0,36.083,0.004,0.03,0.01,0.367
충청남도,예산,2021,23.5,41.0,0.004,0.036,0.011,0.4
충청남도,예산,2022,20.909,34.636,0.003,0.037,0.01,0.364
충청남도,천안,2015,30.571,49.75,0.003,0.025,0.023,0.583
충청남도,천안,2016,27.333,48.833,0.003,0.028,0.023,0.492
충청남도,천안,2017,28.0,46.25,0.003,0.027,0.022,0.492
충청남도,천안,2018,24.917,43.0,0.004,0.026,0.023,0.558
충청남도,천안,2019,28.5,47.5,0.004,0.029,0.023,0.55
충청남도,천안,2020,23.0,38.833,0.003,0.031,0.017,0.475
충청남도,천안,2021,23.333,44.083,0.004,0.033,0.017,0.442
충청남도,천안,2022,22.273,38.182,0.003,0.035,0.017,0.391
충청남도,청양,2015,,,,,,
충청남도,청양,2016,,,,,,
충청남도,청양,2017,29.0,42.0,0.004,0.023,0.016,0.5
충청남도,청양,2018,22.083,34.333,0.003,0.03,0.009,0.358
충청남도,청양,2019,27.083,38.25,0.004,0.032,0.009,0.45
충청남도,청양,2020,20.667,33.833,0.003,0.032,0.008,0.383
충청남도,청양,2021,19.667,36.917,0.004,0.035,0.008,0.4
충청남도,청양,2022,18.545,31.182,0.003,0.035,0.008,0.345
충청남도,태안,2015,,,,,,
충청남도,태안,2016,,,,,,
충청남도,태안,2017,17.833,37.0,0.003,0.032,0.009,0.45
충청남도,태안,2018,17.583,37.0,0.004,0.029,0.011,0.5
충청남도,태안,2019,19.917,40.917,0.004,0.033,0.01,0.517
충청남도,태안,2020,15.5,33.667,0.003,0.032,0.011,0.475
충청남도,태안,2021,18.5,41.5,0.004,0.039,0.01,0.425
충청남도,태안,2022,15.818,32.364,0.003,0.039,0.009,0.391
충청남도,홍성,2015,,,,,,
충청남도,홍성,2016,,,,,,
충청남도,홍성,2017,24.0,40.5,0.003,0.032,0.014,0.4
충청남도,홍성,2018,23.917,39.667,0.003,0.027,0.013,0.408
충청남도,홍성,2019,26.833,40.167,0.004,0.031,0.013,0.492
충청남도,홍성,2020,22.333,35.167,0.003,0.033,0.011,0.408
충청남도,홍성,2021,21.5,39.917,0.003,0.038,0.011,0.392
충청남도,홍성,2022,19.364,32.364,0.003,0.04,0.01,0.336
충청북도,괴산,2015,,,,,,
충청북도,괴산,2016,,,,,,
충청북도,괴산,2017,,,,,,
충청북도,괴산,2018,,,,,,
충청북도,괴산,2019,26.364,37.545,0.003,0.029,0.011,0.455
충청북도,괴산,2020,21.25,32.167,0.003,0.029,0.01,0.425
충청북도,괴산,2021,20.083,35.0,0.003,0.028,0.008,0.408
충청북도,괴산,2022,20.0,29.909,0.003,0.03,0.009,0.318
충청북도,단양,2015,28.0,43.364,0.003,0.025,0.014,0.525
충청북도,단양,2016,21.583,39.75,0.004,0.023,0.017,0.617
충청북도,단양,2017,22.667,41.0,0.004,0.025,0.021,0.717
충청북도,단양,2018,24.833,40.75,0.003,0.023,0.016,0.582
충청북도,단양,2019,28.667,44.667,0.003,0.021,0.012,0.442
충청북도,단양,2020,19.25,29.75,0.003,0.026,0.01,0.517
충청북도,단양,2021,17.667,32.083,0.002,0.028,0.012,0.508
충청북도,단양,2022,18.0,27.182,0.002,0.03,0.013,0.482
충청북도,보은,2015,,,,,,
충청북도,보은,2016,,,,,,
충청북도,보은,2017,,,,,,
충청북도,보은,2018,,,,,,
충청북도,보은,2019,26.417,40.0,0.003,0.031,0.011,0.458
충청북도,보은,2020,21.5,32.583,0.003,0.03,0.01,0.467
충청북도,보은,2021,20.0,33.833,0.003,0.029,0.01,0.442
충청북도,보은,2022,19.0,29.1,0.002,0.032,0.009,0.309
충청북도,영동,2015,,,,,,
충청북도,영동,2016,,,,,,
충청북도,영동,2017,,,,,,
충청북도,영동,2018,22.556,38.111,0.003,0.03,0.012,0.344
충청북도,영동,2019,27.333,42.333,0.003,0.031,0.012,0.4
충청북도,영동,2020,19.417,32.833,0.003,0.027,0.011,0.433
충청북도,영동,2021,18.167,35.0,0.002,0.032,0.01,0.375
충청북도,영동,2022,17.0,28.091,0.002,0.033,0.009,0.291
충청북도,옥천,2015,,,,,,
충청북도,옥천,2016,,,,,,
충청북도,옥천,2017,21.333,35.333,0.003,0.031,0.015,0.4
충청북도,옥천,2018,25.0,40.167,0.003,0.026,0.02,0.417
충청북도,옥천,2019,29.0,43.167,0.003,0.027,0.018,0.483
충청북도,옥천,2020,22.083,33.583,0.003,0.025,0.017,0.458
충청북도,옥천,2021,20.167,36.583,0.002,0.03,0.019,0.517
충청북도,옥천,2022,18.182,32.636,0.002,0.031,0.017,0.436
충청북도,음성,2015,,,,,,
충청북도,음성,2016,,,,,,
충청북도,음성,2017,,,,,,
충청북도,음성,2018,,,,,,
충청북도,음성,2019,28.091,41.545,0.003,0.033,0.012,0.436
충청북도,음성,2020,23.083,36.0,0.003,0.03,0.012,0.392
충청북도,음성,2021,20.583,36.167,0.002,0.03,0.011,0.433
충청북도,음성,2022,21.364,34.091,0.002,0.032,0.011,0.409
충청북도,제천,2015,28.0,45.75,0.004,0.025,0.028,0.65
충청북도,제천,2016,23.583,40.25,0.004,0.024,0.022,0.667
충청북도,제천,2017,27.583,40.917,0.004,0.026,0.02,0.683
충청북도,제천,2018,26.75,42.167,0.005,0.025,0.024,0.583
충청북도,제천,2019,26.083,43.25,0.004,0.025,0.02,0.458
충청북도,제천,2020,19.909,32.545,0.003,0.025,0.016,0.527
충청북도,제천,2021,18.667,37.583,0.002,0.028,0.015,0.533
충청북도,제천,2022,17.818,34.091,0.002,0.029,0.014,0.5
충청북도,증평,2015,,,,,,
충청북도,증평,2016,,,,,,
충청북도,증평,2017,,,,,,
충청북도,증평,2018,27.444,43.778,0.002,0.027,0.016,0.344
충청북도,증평,2019,31.75,45.5,0.002,0.026,0.018,0.4
충청북도,증평,2020,24.25,39.833,0.003,0.027,0.012,0.417
충청북도,증평,2021,21.3,37.4,0.002,0.027,0.013,0.43
충청북도,증평,2022,19.0,32.182,0.002,0.033,0.01,0.318
충청북도,진천,2015,,,,,,
충청북도,진천,2016,23.333,36.833,0.002,0.023,0.016,0.483
충청북도,진천,2017,26.833,43.917,0.003,0.032,0.016,0.458
충청북도,진천,2018,25.167,42.5,0.004,0.029,0.02,0.542
충청북도,진천,2019,29.0,44.167,0.003,0.03,0.02,0.5
충청북도,진천,2020,23.417,37.333,0.003,0.031,0.014,0.467
충청북도,진천,2021,19.917,37.917,0.003,0.033,0.013,0.442
충청북도,진천,2022,21.182,35.0,0.002,0.033,0.013,0.364
충청북도,청원,2015,,,0.006,,,
충청북도,청원,2016,,,,,,
충청북도,청원,2017,,,,,,
충청북도,청원,2018,,,,,,
충청북도,청원,2019,,,,,,
충청북도,청원,2020,,,,,,
충청북도,청원,2021,,,,,,
충청북도,청원,2022,,,,,,
충청북도,청주,2015,28.0,54.333,0.004,0.025,0.019,0.5
충청북도,청주,2016,28.75,48.667,0.004,0.026,0.02,0.475
충청북도,청주,2017,28.583,45.833,0.003,0.028,0.019,0.508
충청북도,청주,2018,28.75,44.75,0.004,0.026,0.022,0.458
충청북도,청주,2019,28.5,45.583,0.003,0.027,0.022,0.433
충청북도,청주,2020,22.25,37.917,0.003,0.027,0.017,0.433
충청북도,청주,2021,21.083,40.5,0.002,0.03,0.016,0.425
충청북도,청주,2022,20.182,34.182,0.002,0.031,0.013,0.373
충청북도,충주,2015,33.0,45.727,0.004,0.026,0.023,0.475
충청북도,충주,2016,24.083,44.583,0.003,0.026,0.022,0.458
충청북도,충주,2017,26.25,44.5,0.003,0.028,0.022,0.45
충청북도,충주,2018,26.0,48.667,0.004,0.025,0.023,0.467
충청북도,충주,2019,27.083,44.167,0.003,0.026,0.022,0.517
충청북도,충주,2020,19.667,36.833,0.003,0.028,0.015,0.45
충청북도,충주,2021,18.0,36.25,0.002,0.03,0.014,0.458
충청북도,충주,2022,19.455,33.455,0.002,0.03,0.014,0.436
